episode_index,steps,mean_reward_drift,mean_reward_progress,mean_reward_intrusion,mean_reward_proximity,sum_reward_drift,sum_reward_progress,sum_reward_intrusion,sum_reward_proximity,total_intrusions,terminated_waypoint,truncated,finished_at,pid,agent
1,1,-0.0009591579004564,0.15,-3.0,0.0,-0.0009591579004564,0.15,-3.0,0.0,1,True,False,1762852340.4088032,pid_1804,KL005
1,18,-0.002928335760765,-0.0022882847986661,-0.1666666666666666,0.0,-0.0527100436937709,-0.0411891263759915,-3.0,0.0,1,False,True,1762852340.7023134,pid_39568,KL004
1,23,-0.0035733045599597,-0.0020848814008839,0.0,0.0,-0.0821860048790747,-0.0479522722203301,0.0,0.0,0,False,True,1762852340.8079748,pid_38664,KL002
1,30,-0.0022501235714416,-0.0003510246067879,0.0,0.0,-0.0675037071432483,-0.010530738203639,0.0,0.0,0,False,True,1762852340.9266765,pid_20356,KL006
1,32,-0.0008904281719793,-0.0034453877984704,-0.09375,-0.0592549316762214,-0.0284937015033388,-0.1102524095510553,-3.0,-1.8961578136390864,1,False,True,1762852340.9824395,pid_34744,KL003
1,34,-0.00286519012473,-0.0017582611176556,0.0,0.0,-0.0974164642408231,-0.0597808780002914,0.0,0.0,0,False,True,1762852341.0125926,pid_36784,KL004
1,35,-0.0031943174619053,-0.0019739245012292,0.0,0.0,-0.1118011111666877,-0.0690873575430235,0.0,0.0,0,False,True,1762852341.0631676,pid_38972,KL005
1,35,-0.002120472970963,-0.000385152037964,0.0,0.0,-0.074216553983708,-0.0134803213287419,0.0,0.0,0,False,True,1762852341.0651684,pid_34744,KL002
1,40,-0.0025660383626656,-0.0022305266360917,0.0,0.0,-0.1026415345066277,-0.0892210654436697,0.0,0.0,0,False,True,1762852341.162399,pid_9300,KL006
1,43,-0.0018348370689259,0.0008862922426932,-0.0697674418604651,-0.0589113891280047,-0.0788979939638144,0.03811056643581,-3.0,-2.5331897325042028,1,False,True,1762852341.2162762,pid_36784,KL001
1,45,-0.0020474493438869,-0.0010087161255047,0.0,0.0,-0.0921352204749138,-0.0453922256477128,0.0,0.0,0,False,True,1762852341.2501476,pid_16736,KL002
1,45,-0.0022183428650383,-0.0012069624428029,-0.0666666666666666,-0.0421368403030908,-0.0998254289267245,-0.0543133099261332,-3.0,-1.8961578136390864,1,False,True,1762852341.2561471,pid_34744,KL005
1,47,-0.0027725568050408,-0.0025053491624633,-0.0638297872340425,-0.0138532332779046,-0.1303101698369193,-0.1177514106357785,-3.0,-0.6511019640615199,1,False,True,1762852341.3081913,pid_28816,KL003
1,56,-0.0015782278240969,-0.0018514810217986,0.0,0.0,-0.0883807581494282,-0.1036829372207222,0.0,0.0,0,False,True,1762852341.4808636,pid_21164,KL001
1,56,-0.0032804033742075,-0.0023441144299494,0.0,0.0,-0.1837025889556213,-0.1312704080771684,0.0,0.0,0,False,True,1762852341.4808636,pid_38664,KL006
1,60,-0.0022182735828473,-0.0012048805694292,0.0,0.0,-0.1330964149708418,-0.0722928341657564,0.0,0.0,0,False,True,1762852341.5450616,pid_9300,KL001
1,62,-0.0026631558487523,-0.0012544250590507,0.0,0.0,-0.1651156626226441,-0.0777743536611485,0.0,0.0,0,False,True,1762852341.5860488,pid_38972,KL001
1,67,-0.0034115898730736,-0.0045898695798031,0.0,0.0,-0.228576521495934,-0.3075212618468084,0.0,0.0,0,False,True,1762852341.6548555,pid_1804,KL006
1,68,-0.0023941987158003,0.000676102928521,0.0,0.0,-0.1628055126744268,0.0459749991394337,0.0,0.0,0,False,True,1762852341.6869502,pid_39568,KL006
1,68,-0.0013682102042747,-0.0004368780493716,0.0,0.0,-0.093038293890686,-0.029707707357274,0.0,0.0,0,False,True,1762852341.687459,pid_28816,KL005
1,68,-0.0012502299302922,0.0036604354568846,0.0,0.0,-0.0850156352598759,0.2489096110681552,0.0,0.0,0,False,True,1762852341.6894782,pid_38664,KL005
1,69,-0.0013402718760693,-0.0028097810065764,-0.0434782608695652,-0.0232211028936023,-0.0924787594487859,-0.193874889453772,-3.0,-1.6022560996585589,1,False,True,1762852341.698115,pid_7856,KL001
1,70,-0.0016661780756683,0.0035384910193678,0.0,0.0,-0.1166324652967859,0.2476943713557502,0.0,0.0,0,False,True,1762852341.7071242,pid_7856,KL006
1,71,-0.0015896225815843,0.0015670993944172,0.0,-0.0548275695989895,-0.1128632032924906,0.1112640570036268,0.0,-3.892757441528255,0,False,True,1762852341.7437897,pid_20768,KL003
1,75,-0.0029116721984568,-0.0026600619279259,0.0,0.0,-0.2183754148842642,-0.1995046445944482,0.0,0.0,0,False,True,1762852341.7997382,pid_12132,KL005
1,78,-0.0029920537923553,-0.002310012781436,0.0,0.0,-0.233380195803719,-0.1801809969520157,0.0,0.0,0,False,True,1762852341.8482575,pid_7856,KL004
1,80,-0.0027214161257313,-0.0015458636545528,0.0,0.0,-0.2177132900585099,-0.1236690923642249,0.0,0.0,0,False,True,1762852341.8911047,pid_21164,KL003
1,80,-0.0029129948784449,-0.0020458233113981,0.0,0.0,-0.233039590275597,-0.1636658649118482,0.0,0.0,0,False,True,1762852341.8916109,pid_20768,KL004
1,85,-0.002648935617088,0.0017664008110277,0.0,0.0,-0.225159527452481,0.150144068937359,0.0,0.0,0,False,True,1762852341.948614,pid_34744,KL001
1,87,-0.002389318675401,-0.0001531332866828,0.0,0.0,-0.2078707247598948,-0.0133225959414044,0.0,0.0,0,False,True,1762852341.9888315,pid_39568,KL002
1,89,-0.0023004136871506,-0.001221830345737,0.0,0.0,-0.2047368181564117,-0.108742900770597,0.0,0.0,0,False,True,1762852342.0242789,pid_20108,KL004
1,95,-0.0024915945893337,-0.0018994174172422,0.0,0.0,-0.2367014859867051,-0.1804446546380178,0.0,0.0,0,False,True,1762852342.1279488,pid_12132,KL006
1,96,-0.0012291472803953,0.0047164991238824,0.0,0.0,-0.1179981389179583,0.4527839158927169,0.0,0.0,0,False,True,1762852342.13495,pid_43364,KL006
1,100,-0.0026975353585401,-0.0024236496428337,0.0,-0.0006577776587518,-0.269753535854018,-0.2423649642833715,0.0,-0.0657777658751877,0,False,True,1762852342.1992986,pid_32240,KL006
1,101,-0.0029866100445901,-0.0025790721867112,0.0,0.0,-0.3016476145036028,-0.2604862908578383,0.0,0.0,0,False,True,1762852342.2215114,pid_38972,KL004
1,104,-0.0028810716550271,-0.0019237580271771,0.0,0.0,-0.2996314521228218,-0.200070834826419,0.0,0.0,0,False,True,1762852342.2662125,pid_7856,KL002
1,108,-0.0010135313813848,0.0068011790397205,0.0,0.0,-0.1094613891895643,0.7345273362898207,0.0,0.0,0,True,False,1762852342.3166842,pid_38664,KL001
1,109,-0.0010467671923139,0.0070379254979764,-0.055045871559633,-0.0051196368597985,-0.1140976239622205,0.7671338792794377,-6.0,-0.5580404177180459,2,True,False,1762852342.3207254,pid_23624,KL005
1,110,-0.0025996789150218,-0.00113423210746,0.0,0.0,-0.2859646806524038,-0.1247655318206081,0.0,0.0,0,False,True,1762852342.3510432,pid_39568,KL003
1,110,-0.0026094248101713,-0.0020419988229648,0.0,0.0,-0.2870367291188435,-0.2246198705261334,0.0,0.0,0,False,True,1762852342.3545482,pid_7856,KL005
1,112,-0.0036003465947012,-0.0051563786052747,0.0,-0.0101610441598804,-0.4032388186065356,-0.577514403790769,0.0,-1.138036945906605,0,False,True,1762852342.374127,pid_16736,KL005
1,123,-0.0022744290732348,-0.0003595610528117,-0.024390243902439,-0.020668569146333,-0.2797547760078852,-0.0442260094958417,-3.0,-2.542234004998962,1,False,True,1762852342.7439542,pid_15188,KL004
1,124,-0.0028826569197168,-0.0025945623077461,0.0,0.0,-0.3574494580448905,-0.3217257261605235,0.0,0.0,0,False,True,1762852342.7454622,pid_34744,KL006
2,18,-0.0018919261870033,0.0003300409006479,0.0,0.0,-0.0340546713660599,0.0059407362116636,0.0,0.0,0,False,True,1762852342.8451197,pid_7856,KL006
1,133,-0.0025979518320405,-0.0024830355992561,0.0,-0.0031403383406244,-0.3455275936613896,-0.3302437347010687,0.0,-0.4176649993030553,0,False,True,1762852342.8966672,pid_20108,KL002
1,135,-0.0023758499926203,-0.0007622620564419,0.0,0.0,-0.3207397490037442,-0.1029053776196621,0.0,0.0,0,False,True,1762852342.9406738,pid_12132,KL002
1,138,-0.0007791942589788,0.0080481960882546,0.0,0.0,-0.1075288077390778,1.110651060179141,0.0,0.0,0,True,False,1762852342.9882774,pid_36784,KL003
1,144,-0.0029104755499011,-0.0033941282314765,-0.0208333333333333,-0.0191557215131629,-0.4191084791857634,-0.4887544653326235,-3.0,-2.7584238978954616,1,False,True,1762852343.08461,pid_21164,KL002
1,146,-0.0024069753238139,-0.0011233719141707,0.0,0.0,-0.3514183972768408,-0.164012299468936,0.0,0.0,0,False,True,1762852343.1235557,pid_36784,KL002
1,146,-0.0029328271820494,-0.0032090230944768,-0.0205479452054794,-0.004169049991782,-0.4281927685792178,-0.4685173717936146,-3.0,-0.6086812988001814,1,False,True,1762852343.1255553,pid_43364,KL002
1,150,-0.0025382516614583,-0.0007544477739258,0.0,0.0,-0.3807377492187475,-0.113167166088879,0.0,0.0,0,False,True,1762852343.1847954,pid_23624,KL004
1,150,-0.0031741294467758,-0.0031121899398917,0.0,0.0,-0.4761194170163771,-0.4668284909837644,0.0,0.0,0,False,True,1762852343.185805,pid_20108,KL001
1,153,-0.0020240184315322,0.0009587705674288,-0.0196078431372549,-0.0039783091424848,-0.3096748200244275,0.1466918968166134,-3.0,-0.6086812988001814,1,False,True,1762852343.2503238,pid_43364,KL003
1,153,-0.0023073858603802,9.321343074344504e-05,0.0,0.0,-0.3530300366381837,0.014261654903747,0.0,0.0,0,False,True,1762852343.2503238,pid_43364,KL005
1,154,-0.0030397964893273,-0.0026047940600966,0.0,0.0,-0.4681286593564067,-0.4011382852548882,0.0,0.0,0,False,True,1762852343.2543232,pid_12132,KL003
2,30,-0.0027759277730349,-0.0017992598681303,0.0,0.0,-0.0832778331910479,-0.0539777960439096,0.0,0.0,0,False,True,1762852343.2630763,pid_34744,KL001
2,45,-0.0026151476161565,-0.0010067863563726,0.0,0.0,-0.1176816427270433,-0.0453053860367681,0.0,0.0,0,False,True,1762852343.3008547,pid_39568,KL003
1,155,-0.0016018782212073,0.0025180722218378,-0.0193548387096774,-0.0082357224892991,-0.2482911242871373,0.3903011943848634,-3.0,-1.2765369858413675,1,False,True,1762852343.302856,pid_1804,KL004
1,160,-0.0032018333242578,-0.004414365748017,0.0,-0.0112987082608383,-0.512293331881251,-0.706298519682723,0.0,-1.807793321734141,0,False,True,1762852343.3695858,pid_21164,KL004
1,164,-0.0028805176596196,-0.0030783300032133,0.0,-9.457822036925351e-05,-0.4724048961776257,-0.5048461205269921,0.0,-0.0155108281405575,0,False,True,1762852343.4567306,pid_20768,KL002
1,178,-0.002018988744386,0.0013157035532707,-0.0168539325842696,-0.0053406212143894,-0.3593799965007098,0.2341952324821985,-3.0,-0.9506305761613202,1,False,True,1762852343.6966193,pid_21164,KL005
2,36,-0.0025720657500147,-0.0010511046578221,0.0,0.0,-0.0925943670005309,-0.0378397676815973,0.0,0.0,0,False,True,1762852343.788598,pid_36784,KL002
1,183,-0.0017048624126781,0.0024652862981773,-0.0163934426229508,-0.0161885927023678,-0.3119898215200931,0.4511473925664546,-3.0,-2.9625124645333174,1,False,True,1762852343.7909572,pid_15188,KL001
2,61,-0.0015409944096915,0.0030595659992495,-0.0983606557377049,-0.0440963973576707,-0.0940006589911831,0.1866335259542238,-6.0,-2.6898802388179157,2,False,True,1762852343.8440695,pid_34744,KL003
2,81,-0.0029700770978311,-0.0038481786269015,-0.037037037037037,-0.0125573170438538,-0.2405762449243249,-0.3117024687790235,-3.0,-1.0171426805521602,1,False,True,1762852343.9404526,pid_7856,KL001
1,194,-0.0026854195270022,-0.0014416082586662,0.0,-0.0058661698242608,-0.5209713882384401,-0.2796720021812608,0.0,-1.138036945906605,0,False,True,1762852343.9829988,pid_16736,KL004
1,197,-0.0017542256649556,0.0029895041818844,0.0,0.0,-0.3455824559962639,0.5889323238312328,0.0,0.0,0,False,True,1762852344.0291574,pid_16736,KL001
1,197,-0.0018711841915539,0.0017263796192416,0.0,0.0,-0.3686232857361189,0.3400967849905981,0.0,0.0,0,False,True,1762852344.0301545,pid_9300,KL005
2,52,-0.0034383192029282,-0.0028214484196819,0.0,0.0,-0.1787925985522678,-0.1467153178234588,0.0,0.0,0,False,True,1762852344.037917,pid_36784,KL003
2,76,-0.0028470580563764,-0.0024834686642793,0.0,0.0,-0.2163764122846097,-0.1887436184852282,0.0,0.0,0,False,True,1762852344.0942593,pid_34744,KL005
1,203,-0.0028607530201807,-0.0023834626926505,0.0,-7.640802039683536e-05,-0.5807328630966881,-0.4838429266080716,0.0,-0.0155108281405575,0,False,True,1762852344.1396916,pid_20768,KL001
2,93,-0.0025702474529661,0.0002735656988991,-0.032258064516129,-0.0109370180704533,-0.2390330131258488,0.0254416099976234,-3.0,-1.0171426805521602,1,False,True,1762852344.1442063,pid_7856,KL004
1,212,-0.0024906633565035,-0.0005225557274721,-0.0283018867924528,-0.006728505880642,-0.5280206315787552,-0.110781814224093,-6.0,-1.426443246696116,2,False,True,1762852344.3027604,pid_28816,KL001
1,213,-0.0026784115314351,-0.00122689092791,0.0,-0.0027146390635587,-0.5705016561956845,-0.2613277676448343,0.0,-0.5782181205380154,0,False,True,1762852344.3097742,pid_9300,KL002
2,65,-0.0031954054739311,-0.0020462773180486,0.0,0.0,-0.2077013558055261,-0.133008025673162,0.0,0.0,0,False,True,1762852344.3648665,pid_20108,KL004
1,215,-0.0019643789173995,-0.0010093901049866,0.0,-0.0008006500431598,-0.4223414672409072,-0.2170188725721404,0.0,-0.1721397592793729,0,False,True,1762852344.3663015,pid_32240,KL005
1,219,-0.0025745580184026,-0.0011853844184789,-0.0136986301369863,-0.0037295945563602,-0.5638282060301882,-0.2595991876468949,-3.0,-0.8167812078429022,1,False,True,1762852344.412825,pid_15188,KL003
2,68,-0.0033446597754951,-0.0036970283528303,0.0,0.0,-0.2274368647336702,-0.2513979279924658,0.0,0.0,0,False,True,1762852344.46662,pid_12132,KL006
1,239,-0.0020551709712342,0.0001661784675451,0.0,0.0,-0.491185862124977,0.0397166537432862,0.0,0.0,0,False,True,1762852344.7753513,pid_38664,KL003
2,86,-0.0018940053607676,0.0025823208435248,0.0,0.0,-0.1628844610260137,0.2220795925431371,0.0,0.0,0,False,True,1762852344.7814207,pid_43364,KL002
2,37,-0.0010720486462307,0.0082650096979045,0.0,-0.0503206717697261,-0.0396657999105392,0.3058053588224694,0.0,-1.8618648554798656,0,True,False,1762852344.785397,pid_20768,KL002
1,241,-0.0020389927609802,0.0006060500139382,0.0,-0.0120184097222088,-0.4913972553962392,0.1460580533591083,0.0,-2.896436743052325,0,False,True,1762852344.792546,pid_20356,KL002
2,99,-0.0012549732448171,0.00482046040166,-0.0303030303030303,-0.0127978672248666,-0.1242423512368947,0.4772255797643465,-3.0,-1.2669888552617994,1,False,True,1762852344.9910803,pid_43364,KL005
2,79,-0.003238155814561,-0.0037190106416573,0.0,0.0,-0.2558143093503198,-0.2938018406909294,0.0,0.0,0,False,True,1762852345.0815616,pid_21164,KL005
1,267,-0.002509984302618,-0.0007747641971559,0.0,-2.181853018866851e-05,-0.6701658087990283,-0.2068620406406492,0.0,-0.0058255475603744,0,False,True,1762852345.3646424,pid_38972,KL006
1,269,-0.0027750885424455,0.0022114481606349,-0.0111524163568773,-0.0032790141441592,-0.7464988179178504,0.594879555210797,-3.0,-0.8820548047788341,1,False,True,1762852345.5676143,pid_1804,KL001
2,74,-0.0007095651464804,0.0055585182075485,-0.0405405405405405,-0.0393345844543785,-0.0525078208395559,0.4113303473585915,-3.0,-2.910759249624013,1,False,True,1762852345.5809205,pid_16736,KL005
2,119,-0.0010899797517258,0.0044277991006776,0.0,-0.0170745154682625,-0.1297075904553815,0.5269080929806405,0.0,-2.0318673407232484,0,False,True,1762852345.803511,pid_43364,KL006
1,274,-0.0028493163575951,-0.0020721213423466,-0.010948905109489,-0.002013591614891,-0.7807126819810666,-0.5677612478029886,-3.0,-0.5517241024801418,1,False,True,1762852345.8135128,pid_28816,KL004
2,165,-0.0025975732997668,-0.0022263062863497,0.0,-0.0122385591678107,-0.428599594461534,-0.3673405372477027,0.0,-2.019362262688772,0,False,True,1762852345.9648874,pid_39568,KL002
1,280,-0.0017469904096962,0.0018915685012714,0.0,-0.0002349205924113,-0.4891573147149498,0.5296391803560079,0.0,-0.0657777658751877,0,False,True,1762852346.1644654,pid_32240,KL002
2,80,-0.0017765453317039,0.0047783308709211,-0.0375,-0.03364194010944,-0.1421236265363188,0.3822664696736901,-3.0,-2.691355208755206,1,True,False,1762852346.3585122,pid_20768,KL004
2,55,-0.0018321899227226,0.0015784071497375,0.0,0.0,-0.1007704457497444,0.0868123932355647,0.0,0.0,0,False,True,1762852347.148282,pid_38664,KL002
2,192,-0.0023925943673239,-0.000375251274937,0.0,-0.0019601968813389,-0.4593781185262,-0.0720482447879052,0.0,-0.3763578012170792,0,False,True,1762852347.6760118,pid_39568,KL004
2,106,-0.0016417995869254,0.003177685509663,-0.0283018867924528,-0.0274599929209812,-0.1740307562140969,0.3368346640242849,-3.0,-2.910759249624013,1,False,True,1762852347.7071948,pid_16736,KL004
2,161,-0.0030767392811576,-0.0040569812652697,0.0,0.0,-0.4953550242663816,-0.653173983708431,0.0,0.0,0,False,True,1762852347.8773727,pid_36784,KL001
2,102,-0.0035758846964528,-0.0049998579861973,0.0,0.0,-0.3647402390381957,-0.5099855145921293,0.0,0.0,0,False,True,1762852348.471711,pid_9300,KL001
2,192,-0.0021633811091933,0.0002828891539973,0.0,-0.0007739835715768,-0.4153691729651276,0.0543147175674961,0.0,-0.1486048457427528,0,False,True,1762852348.4807138,pid_34744,KL002
2,174,-0.0022433820628544,-0.0011493943346369,0.0,-0.0042081944353586,-0.3903484789366659,-0.1999946142268216,0.0,-0.7322258317524063,0,False,True,1762852348.8309438,pid_36784,KL004
2,142,-0.0033192685139428,-0.0045079672245645,0.0,0.0,-0.4713361289798778,-0.6401313458881649,0.0,0.0,0,False,True,1762852348.849361,pid_21164,KL004
2,212,-0.0020825554650325,0.0010156676353103,0.0,-0.0011009457789043,-0.4415017585869014,0.2153215386858029,0.0,-0.2334005051277212,0,False,True,1762852348.8643548,pid_7856,KL005
2,87,-0.0016000906601656,0.0015171506454046,0.0,0.0,-0.1392078874344156,0.131992106150205,0.0,0.0,0,False,True,1762852349.243057,pid_38664,KL006
2,54,-0.0016698077386855,0.0019992146132143,0.0,0.0,-0.0901696178890183,0.1079575891135727,0.0,0.0,0,False,True,1762852349.2743506,pid_28816,KL003
2,179,-0.0023066782754121,-0.0009610104506811,0.0,-0.0060984380572163,-0.4128954112987787,-0.1720208706719272,0.0,-1.0916204122417237,0,False,True,1762852349.4304209,pid_20108,KL002
2,175,-0.0026289621451288,-0.0010544158056212,0.0,-0.0014901008319318,-0.4600683753975491,-0.1845227659837196,0.0,-0.2607676455880686,0,False,True,1762852349.45754,pid_12132,KL005
2,123,-0.0019180088276642,0.00101666200756,-0.024390243902439,-0.0096921618905474,-0.2359150858027014,0.1250494269298807,-3.0,-1.1921359125373343,1,False,True,1762852349.8103611,pid_9300,KL005
2,96,-0.0021774115516667,8.389389865345875e-05,0.0,-0.0230280114739955,-0.2090315089600103,0.008053814270732,0.0,-2.210689101503568,0,False,True,1762852349.8286784,pid_38664,KL003
2,119,-0.0033813391977131,-0.0041099621442712,0.0,-0.0067479870859844,-0.4023793645278635,-0.4890854951682757,0.0,-0.8030104632321472,0,False,True,1762852349.9986148,pid_15188,KL004
3,27,-0.0023801074504197,-0.0005134783427538,0.0,0.0,-0.0642629011613325,-0.0138639152543533,0.0,0.0,0,False,True,1762852350.593879,pid_36784,KL003
2,110,-0.0031968914852209,-0.004595081153649,0.0,-0.02690359955116,-0.3516580633743092,-0.5054589269013923,0.0,-2.959395950627606,0,False,True,1762852350.600675,pid_38664,KL001
2,241,-0.0018051735096208,0.0029065453728587,0.0,0.0,-0.4350468158186145,0.7004774348589686,0.0,0.0,0,False,True,1762852350.7734916,pid_7856,KL002
2,145,-0.0021915723429813,0.0014036904709997,-0.0206896551724137,-0.0297878354295033,-0.3177779897322973,0.2035351182949583,-3.0,-4.319236137277978,1,True,True,1762852351.213348,pid_9300,KL006
1,364,-0.0020945227414673,0.0005855760787244,-0.0164835164835164,-0.0027535467333834,-0.7624062778941064,0.2131496926557024,-6.0,-1.002291010951564,2,False,True,1762852364.9258723,pid_1804,KL003
2,90,-0.0024592759154917,-8.67944804418464e-05,0.0,0.0,-0.2213348323942586,-0.0078115032397661,0.0,0.0,0,False,True,1762852364.926871,pid_28816,KL005
2,187,-0.0025902739270417,-0.0019932942891417,-0.0160427807486631,-0.0046273910587626,-0.4843812243568078,-0.3727460320695064,-3.0,-0.8653221279886215,1,False,True,1762852365.078648,pid_21164,KL003
2,152,-0.0020734047446552,0.0004107987032247,-0.0394736842105263,-0.0187156819065016,-0.3151575211875954,0.0624414028901594,-6.0,-2.844783649788257,2,False,True,1762852365.0796475,pid_9300,KL002
2,213,-0.0016240389629626,0.0035254369492058,0.0,-0.0095392832897805,-0.3459202991110488,0.750918070180842,0.0,-2.0318673407232484,0,False,True,1762852365.08335,pid_43364,KL003
1,369,-0.0024689188188328,0.0008276435569299,0.0,-0.0068796026046496,-0.9110310441493372,0.3054004725071567,0.0,-2.5385733611157164,0,False,True,1762852365.2871227,pid_20356,KL001
2,174,-0.0024986377341043,-0.0008806194988596,0.0,-0.0107003727326429,-0.4347629657341546,-0.1532277928015764,0.0,-1.8618648554798656,0,False,True,1762852365.8624513,pid_20768,KL003
2,201,-0.0026784528919062,-0.001885542190246,0.0,0.0,-0.5383690312731649,-0.3789939802394482,0.0,0.0,0,False,True,1762852365.885217,pid_21164,KL001
3,29,-0.0028056674046615,-0.0021026608700396,0.0,0.0,-0.0813643547351849,-0.0609771652311499,0.0,0.0,0,False,True,1762852366.0877645,pid_7856,KL001
1,389,-0.0022256328425718,-0.0004075932467184,0.0,-0.0004425186613865,-0.8657711757604386,-0.1585537729734819,0.0,-0.1721397592793729,0,False,True,1762852366.6087246,pid_32240,KL003
2,30,-0.0028583777295218,-0.0019319365880197,0.0,-0.0276076788170734,-0.0857513318856551,-0.0579580976405914,0.0,-0.8282303645122022,0,False,True,1762852366.8465476,pid_1804,KL005
3,46,-0.0029394906949562,-0.0038511273951668,0.0,0.0,-0.1352165719679882,-0.1771518601776773,0.0,0.0,0,False,True,1762852367.0460887,pid_7856,KL006
1,400,-0.0021487824733039,-0.0004648157381203,0.0,-0.0013951010442951,-0.85951298932158,-0.1859262952481503,0.0,-0.5580404177180459,0,False,True,1762852367.2392151,pid_23624,KL002
2,282,-0.0027408214585204,-0.0004913544559681,0.0,-0.0005269675380948,-0.7729116513027698,-0.1385619565830156,0.0,-0.1486048457427528,0,False,True,1762852367.602113,pid_34744,KL006
3,89,-0.0025104019086394,-0.0007001528853452,0.0,0.0,-0.2234257698689077,-0.0623136067957258,0.0,0.0,0,False,True,1762852367.8042667,pid_36784,KL004
3,10,-0.0014702514374068,-0.0004784613580984,0.0,0.0,-0.0147025143740686,-0.0047846135809845,0.0,0.0,0,False,True,1762852368.4113543,pid_34744,KL002
3,99,-0.0018054286033738,0.0019870074279763,0.0,-0.0098383132938251,-0.1787374317340063,0.196713735369656,0.0,-0.9739930160886922,0,False,True,1762852368.5828595,pid_36784,KL002
2,155,-0.0033185951037421,-0.0051646600986361,0.0,-0.0065703959302367,-0.5143822410800291,-0.8005223152885961,0.0,-1.0184113691867025,0,False,True,1762852368.7744553,pid_38972,KL005
2,168,-0.0027768948211832,-0.0018994920207259,0.0,0.0,-0.4665183299587894,-0.3191146594819678,0.0,0.0,0,False,True,1762852369.5800474,pid_38972,KL001
2,283,-0.0031299614880445,-0.0032350434601038,0.0,-0.0038806922756568,-0.8857791011166151,-0.9155172992093996,0.0,-1.0982359140108888,0,False,True,1762852369.775438,pid_12132,KL003
3,82,-0.0012702291841353,0.004595527106251,0.0,0.0,-0.1041587930991,0.3768332227125877,0.0,0.0,0,False,True,1762852370.3798008,pid_43364,KL002
3,129,-0.0024837931496761,-0.0005255153298565,0.0,-0.0075503334580518,-0.3204093163082199,-0.0677914775514941,0.0,-0.9739930160886922,0,False,True,1762852370.5392969,pid_36784,KL001
2,253,-0.0026549194256283,-0.0015824470462546,-0.0118577075098814,-0.003442744794573,-0.6716946146839697,-0.4003591027024333,-3.0,-0.8710144330269829,1,False,True,1762852370.5527294,pid_16736,KL002
2,253,-0.002420230147262,-0.0009984733155531,-0.0237154150197628,-0.0057013821067644,-0.612318227257287,-0.2526137488349591,-6.0,-1.442449673011415,2,False,True,1762852370.952497,pid_20768,KL001
2,325,-0.0023229897964943,0.0003362415135967,0.0,0.0,-0.7549716838606487,0.1092784919189495,0.0,0.0,0,False,True,1762852372.1624513,pid_20108,KL001
2,87,-0.0019763756599243,0.0011341455648336,-0.1034482758620689,-0.0142914222626347,-0.1719446824134209,0.0986706641405305,-9.0,-1.2433537368492276,3,False,True,1762852372.3423326,pid_32240,KL002
2,87,-0.0024986247187719,-0.0021277421608155,0.0,0.0,-0.217380350533156,-0.1851135679909515,0.0,0.0,0,False,True,1762852372.3423326,pid_32240,KL006
4,27,-0.0018928286640786,0.000623071190505,0.0,0.0,-0.051106373930123,0.0168229221436365,0.0,0.0,0,False,True,1762852372.3649554,pid_36784,KL001
2,329,-0.0022094052534616,-3.361057503350632e-05,0.0,-0.0057350609465262,-0.7268943283888809,-0.0110578791860235,0.0,-1.886835051407149,0,False,True,1762852372.7612212,pid_12132,KL002
3,29,-0.0016908827849124,0.0009873815288351,0.0,0.0,-0.0490356007624603,0.028634064336218,0.0,0.0,0,False,True,1762852372.9454415,pid_20768,KL004
2,307,-0.0023322915777711,-0.0002749748031198,-0.009771986970684,-0.0028186388533831,-0.7160135143757429,-0.0844172645578024,-3.0,-0.8653221279886215,1,False,True,1762852372.9491143,pid_21164,KL002
3,135,-0.002850596459971,0.0040728609004162,-0.0222222222222222,-0.014463258399344,-0.3848305220960947,0.5498362215561969,-3.0,-1.9525398839114507,1,True,False,1762852372.9606428,pid_7856,KL005
2,118,-0.002935646902804,-0.0022493671925635,0.0,0.0,-0.346406334530872,-0.2654253287224979,0.0,0.0,0,False,True,1762852372.9788969,pid_20356,KL001
3,134,-0.0015421204091227,0.0028319371178376,0.0,0.0,-0.2066441348224421,0.3794795737902477,0.0,0.0,0,False,True,1762852373.7700443,pid_9300,KL006
2,111,-0.00362396106679,-0.0050642595540841,-0.054054054054054,-0.0244586189313928,-0.4022596784136913,-0.5621328105033404,-6.0,-2.714906701384607,2,False,True,1762852373.9232156,pid_32240,KL003
2,235,-0.002206075509889,0.0001434676808437,0.0,0.0,-0.518427744823935,0.0337149049982928,0.0,0.0,0,False,True,1762852373.9387927,pid_38972,KL004
3,141,-0.0010364581787094,0.0042786547056775,0.0,-0.0092232831218565,-0.1461406031980254,0.6032903135005302,0.0,-1.3004829201817762,0,False,True,1762852374.3604088,pid_9300,KL005
3,51,-0.003247786931431,-0.0030205015315906,0.0,0.0,-0.1656371335029826,-0.1540455781111228,0.0,0.0,0,False,True,1762852374.3644145,pid_20768,KL003
2,400,-0.0023812737505921,-9.95053554572542e-05,-0.0075,-0.0041075111536792,-0.9525095002368504,-0.0398021421829016,-3.0,-1.643004461471693,1,False,True,1762852374.537725,pid_39568,KL006
2,281,-0.0023226634989266,-0.0001782230013119,0.0,0.0,-0.652668443198392,-0.0500806633686561,0.0,0.0,0,False,True,1762852375.1749566,pid_38664,KL005
3,41,-0.0023193520981014,-0.001021121447933,0.0,0.0,-0.0950934360221608,-0.0418659793652559,0.0,0.0,0,False,True,1762852375.5837483,pid_12132,KL005
3,120,-0.0030233166381317,-0.0038886019648347,-0.025,-0.0164944843764267,-0.3627979965758072,-0.4666322357801714,-3.0,-1.979338125171204,1,False,True,1762852375.5936038,pid_34744,KL003
3,52,-0.0019019204671083,-1.8253187171829444e-05,0.0,-0.0218377768272433,-0.0988998642896334,-0.0009491657329351,0.0,-1.1355643950166563,0,False,True,1762852375.7558892,pid_20108,KL002
2,132,-0.0036562775257863,-0.0061359540426961,-0.0227272727272727,-0.0254035525957201,-0.4826286334038008,-0.80994593363589,-3.0,-3.353268942635061,1,False,True,1762852375.967961,pid_23624,KL002
3,53,-0.0025785983674408,-0.0024084733132079,0.0,0.0,-0.1366657134743664,-0.127649085600023,0.0,0.0,0,False,True,1762852376.38869,pid_21164,KL004
3,29,-0.0017403406897025,0.0007084070314677,0.0,0.0,-0.0504698800013736,0.0205438039125644,0.0,0.0,0,False,True,1762852392.9273045,pid_39568,KL003
3,181,-0.0027827197973173,-0.0028209306083605,0.0,-0.0071849885092915,-0.5036722833144429,-0.5105884401132648,0.0,-1.3004829201817762,0,False,True,1762852393.3085856,pid_9300,KL001
2,181,-0.0029383979608272,-0.0036655089775143,-0.0165745856353591,-0.0368698340043057,-0.5318500309097357,-0.6634571249300975,-3.0,-6.673439954779333,1,False,True,1762852393.3149126,pid_1804,KL006
3,64,-0.0029725699631251,-0.0039123388477606,0.0,0.0,-0.1902444776400082,-0.2503896862566799,0.0,0.0,0,False,True,1762852393.5118666,pid_21164,KL005
3,200,-0.0018962932039069,0.0026383504198849,0.0,0.0,-0.3792586407813891,0.5276700839769982,0.0,0.0,0,False,True,1762852393.698329,pid_7856,KL004
3,35,-0.0022014937402248,-0.0010144350823101,0.0,0.0,-0.0770522809078713,-0.0355052278808565,0.0,0.0,0,False,True,1762852393.8999665,pid_38664,KL002
3,58,-0.0012086005706904,0.0018006942728308,0.0,0.0,-0.0700988331000484,0.1044402678241869,0.0,0.0,0,False,True,1762852394.269616,pid_38972,KL005
3,45,-0.0007712958048826,0.0039748164354502,0.0,0.0,-0.0347083112197193,0.1788667395952611,0.0,0.0,0,False,True,1762852394.4858358,pid_38664,KL003
3,88,-0.0015713809271074,0.0028866523191007,0.0,0.0,-0.1382815215854537,0.2540254040808659,0.0,0.0,0,False,True,1762852394.8757083,pid_12132,KL003
3,207,-0.0018695085027669,-0.0018507548161301,-0.0144927536231884,-0.0046567195048569,-0.386988260072768,-0.3831062469389443,-3.0,-0.9639409375053876,1,False,True,1762852395.0409117,pid_43364,KL006
4,138,-0.0025835855367401,-0.0021655943987625,0.0,-0.0272765383747002,-0.3565348040701411,-0.2988520270292326,0.0,-3.764162295708629,0,False,True,1762852396.038048,pid_36784,KL004
2,225,-0.0025931886287748,0.0012909670496283,-0.0133333333333333,-0.0332649946234605,-0.5834674414743405,0.2904675861663768,-3.0,-7.484623790278626,1,False,True,1762852396.0694115,pid_1804,KL001
4,39,-0.0018143669133769,0.0014624301382668,0.0,0.0,-0.0707603096216996,0.0570347753924079,0.0,0.0,0,False,True,1762852396.4579933,pid_7856,KL004
3,187,-0.0014195888706476,0.003283029172167,-0.0160427807486631,-0.0105846958565305,-0.2654631188111059,0.6139264551952315,-3.0,-1.979338125171204,1,False,True,1762852396.619917,pid_34744,KL001
2,400,-0.0020848580482794,-0.0011145761064362,0.0,-0.001860994513877,-0.8339432193117838,-0.4458304425745155,0.0,-0.7443978055508159,0,False,True,1762852396.8392704,pid_16736,KL001
2,384,-0.0021285978000942,0.0009545607959611,-0.0078125,-0.0066900386195929,-0.8173815552362109,0.3665513456490957,-3.0,-2.5689748299237114,1,False,True,1762852397.210798,pid_15188,KL001
3,118,-0.0027804957606164,-0.0025833658741199,0.0,0.0,-0.3280984997527468,-0.3048371731461597,0.0,0.0,0,False,True,1762852397.220315,pid_21164,KL002
3,119,-0.0020364939879891,0.0008821673478452,0.0,0.0,-0.242342784570709,0.1049779143935893,0.0,0.0,0,False,True,1762852397.2330978,pid_21164,KL003
2,331,-0.0024576839204322,-0.0005801637074335,0.0,-0.0002715557673178,-0.813493377663071,-0.1920341871605012,0.0,-0.0898849589822022,0,False,True,1762852397.3841407,pid_28816,KL001
3,90,-0.0022775295073739,-0.0016442782454857,0.0,0.0,-0.2049776556636584,-0.1479850420937196,0.0,0.0,0,False,True,1762852397.6351895,pid_38664,KL006
4,60,-0.0020610614196464,-0.0008196711424884,0.0,0.0,-0.1236636851787899,-0.0491802685493052,0.0,0.0,0,False,True,1762852397.8158722,pid_7856,KL005
4,69,-0.0022500631769275,0.0004824015486523,0.0,0.0,-0.1552543592079997,0.0332857068570096,0.0,0.0,0,False,True,1762852398.005135,pid_9300,KL001
3,143,-0.002089651344215,0.0006062927571556,-0.0209790209790209,-0.0180197052370663,-0.2988201422227484,0.0866998642732557,-3.0,-2.576817848900491,1,False,True,1762852398.1767693,pid_20108,KL004
3,259,-0.0026783405001935,-0.0017826191385107,-0.0115830115830115,-0.0077062832320991,-0.6936901895501186,-0.4616983568742928,-3.0,-1.995927357113676,1,False,True,1762852398.577979,pid_43364,KL005
3,225,-0.0023581459418738,0.0001035326257204,0.0,0.0,-0.5305828369216208,0.0232948407871101,0.0,0.0,0,False,True,1762852398.9799411,pid_34744,KL005
3,125,-0.0034308635363253,-0.0045854773929603,0.0,-2.183120500412176e-05,-0.4288579420406631,-0.573184674120048,0.0,-0.0027289006255152,0,False,True,1762852399.358849,pid_39568,KL002
4,186,-0.0020063275680665,0.0017966287995468,0.0,-0.0004214498502414,-0.373176927660385,0.3341729567157123,0.0,-0.078389672144902,0,False,True,1762852399.3688488,pid_36784,KL002
3,153,-0.0021390321729425,0.0018582768703049,0.0,0.0,-0.3272719224602126,0.2843163611566616,0.0,0.0,0,False,True,1762852399.3883717,pid_12132,KL002
3,160,-0.0021867866319614,-0.000173831939935,0.0,0.0,-0.3498858611138256,-0.0278131103896024,0.0,0.0,0,False,True,1762852399.9985833,pid_21164,KL001
3,175,-0.0027294756623241,-0.0021426302898845,0.0,0.0,-0.4776582409067339,-0.3749603007297996,0.0,0.0,0,False,True,1762852400.3752277,pid_20108,KL001
3,149,-0.0024512335818197,-0.0014680628298739,0.0,-0.0221698820322097,-0.3652338036911475,-0.2187413616512225,0.0,-3.303312422799256,0,False,True,1762852400.9903967,pid_39568,KL004
2,297,-0.0023950502563507,-0.0011359031463943,-0.0101010101010101,-0.0065131765802831,-0.7113299261361654,-0.3373632344791125,-3.0,-1.9344134443441,1,False,True,1762852401.4070098,pid_20356,KL006
4,121,-0.0030743218722495,-0.0032885898702968,0.0,-0.0017271782802454,-0.3719929465422014,-0.3979193743059142,0.0,-0.2089885719096951,0,False,True,1762852401.794163,pid_7856,KL006
3,155,-0.0031097085791544,-0.0026771650766914,0.0,0.0,-0.4820048297689354,-0.4149605868871765,0.0,0.0,0,False,True,1762852401.962051,pid_38664,KL001
3,78,-0.002500875567421,-0.0019627110153414,0.0,0.0,-0.1950682942588444,-0.1530914591966368,0.0,0.0,0,False,True,1762852401.987054,pid_16736,KL002
3,175,-0.0028040552791557,-0.00162926458929,-0.0171428571428571,-0.0134573782810853,-0.4907096738522489,-0.2851213031257605,-3.0,-2.3550411991899414,1,False,True,1762852402.5832624,pid_39568,KL006
3,230,-0.0029503363682179,-0.0021927872008455,0.0,0.0,-0.6785773646901238,-0.504341056194466,0.0,0.0,0,False,True,1762852402.7667832,pid_20768,KL001
2,300,-0.002453952979677,-0.000542729461495,0.0,-0.0006844289202013,-0.7361858939031056,-0.1628188384485243,0.0,-0.205328676060404,0,False,True,1762852403.6038144,pid_23624,KL004
3,107,-0.0018015954915068,-0.0021023624751098,0.0,-0.0164858798431927,-0.1927707175912297,-0.2249527848367535,0.0,-1.7639891432216257,0,False,True,1762852404.3826275,pid_28816,KL001
3,211,-0.0023347812514346,-0.0002309345801606,0.0,0.0,-0.4926388440527168,-0.0487271964138994,0.0,0.0,0,False,True,1762852419.1480715,pid_38972,KL001
3,121,-0.0031564208704249,-0.003829138510344,0.0,0.0,-0.3819269253214163,-0.463325759751625,0.0,0.0,0,False,True,1762852419.370464,pid_16736,KL004
4,76,-0.0025253195044,-0.0011269268092555,0.0,0.0,-0.1919242823344042,-0.0856464375034244,0.0,0.0,0,False,True,1762852419.9168468,pid_20108,KL002
4,55,-0.001715837478382,-0.0018874094312537,0.0,0.0,-0.0943710613110121,-0.1038075187189548,0.0,0.0,0,False,True,1762852420.1253731,pid_38664,KL002
2,360,-0.0022233308735062,-0.0005304955671655,0.0,0.0,-0.8003991144622371,-0.190978404179591,0.0,0.0,0,False,True,1762852420.1313813,pid_20356,KL002
2,344,-0.0028993500009436,-0.0025284059821632,-0.0174418604651162,-0.0062527677827822,-0.9973764003246256,-0.869771657864152,-6.0,-2.150952117277088,2,False,True,1762852420.3727877,pid_32240,KL005
4,90,-0.0023854521324429,-0.0012306968297425,0.0,0.0,-0.2146906919198638,-0.1107627146768308,0.0,0.0,0,False,True,1762852420.573905,pid_21164,KL002
3,143,-0.0024529097028251,-0.0006537693551094,0.0,-0.004426211574645,-0.3507660875040004,-0.093489017780649,0.0,-0.6329482551742445,0,False,True,1762852421.4199328,pid_15188,KL001
3,14,-0.0007176861981156,0.0028626322183444,0.0,0.0,-0.0100476067736192,0.0400768510568221,0.0,0.0,0,False,True,1762852421.420934,pid_32240,KL002
4,101,-0.0014604270957404,0.0034405967955153,-0.0297029702970297,-0.0064276324299281,-0.1475031366697859,0.3475002763470548,-3.0,-0.6491908754227407,1,False,True,1762852421.42346,pid_21164,KL005
4,117,-0.0026337111705178,-0.0017894311204488,0.0,-0.0095864240332843,-0.3081442069505931,-0.2093634410925116,0.0,-1.1216116118942647,0,False,True,1762852421.435948,pid_34744,KL003
4,107,-0.0027117471339814,-0.0015862402548642,0.0,-0.0013453963570681,-0.2901569433360104,-0.1697277072704747,0.0,-0.1439574102062901,0,False,True,1762852421.8083124,pid_21164,KL003
3,156,-0.0020872750671818,0.001098538816478,0.0,-0.0015016990140462,-0.3256149104803663,0.1713720553705781,0.0,-0.2342650461912217,0,False,True,1762852421.809347,pid_16736,KL005
3,164,-0.0017763564848545,0.0011211603751398,0.0,0.0,-0.2913224635161478,0.1838703015229297,0.0,0.0,0,False,True,1762852422.3847113,pid_16736,KL001
4,132,-0.00207371240015,0.0006879110723009,0.0,-0.0113975614355145,-0.2737300368198118,0.0908042615437205,0.0,-1.504478109487921,0,False,True,1762852422.4087155,pid_34744,KL002
2,400,-0.0019629401928124,0.0006385737759273,0.0,0.0,-0.7851760771249902,0.2554295103709311,0.0,0.0,0,False,True,1762852422.6470537,pid_1804,KL004
3,400,-0.0025982156082099,0.0012243634702447,0.0,-0.0022865800811399,-1.0392862432839658,0.4897453880978928,0.0,-0.914632032455977,0,False,True,1762852422.6596277,pid_43364,KL003
4,230,-0.0018326661036517,0.0022460727498852,0.0,0.0,-0.4215132038398923,0.5165967324735965,0.0,0.0,0,True,False,1762852423.4576678,pid_9300,KL006
4,105,-0.000968571084468,0.0069755812543829,0.0,0.0,-0.1016999638691452,0.7324360317102077,0.0,0.0,0,True,False,1762852423.6883974,pid_38664,KL006
3,16,-0.0027312687754766,-0.0008613019397907,0.0,0.0,-0.0437003004076256,-0.0137808310366525,0.0,0.0,0,False,True,1762852423.7115948,pid_1804,KL005
4,97,-0.0017695067739471,0.0012024071857225,0.0,0.0,-0.1716421570728721,0.116633497015089,0.0,0.0,0,False,True,1762852423.872006,pid_39568,KL002
3,55,-0.0030097668019699,-0.0034582065548388,0.0,0.0,-0.1655371741083466,-0.1902013605161349,0.0,0.0,0,False,True,1762852424.2743385,pid_32240,KL006
3,64,-0.0031839431768557,-0.0024309842171666,0.0,0.0,-0.2037723633187674,-0.1555829898986628,0.0,0.0,0,False,True,1762852424.5085764,pid_20356,KL006
4,150,-0.0024821268364414,-0.0017338728044309,0.0,0.0,-0.3723190254662195,-0.2600809206646496,0.0,0.0,0,False,True,1762852424.6917365,pid_21164,KL004
2,400,-0.0022642199008007,-0.0003509431917803,0.0,0.0,-0.9056879603202974,-0.1403772767121267,0.0,0.0,0,False,True,1762852425.0921345,pid_23624,KL005
4,42,-0.0018341505171327,0.0009829816996273,0.0,0.0,-0.0770343217195734,0.041285231384347,0.0,0.0,0,False,True,1762852425.2988338,pid_16736,KL001
3,76,-0.0022128132625286,-2.854407497230929e-05,0.0,0.0,-0.1681738079521752,-0.0021693496978955,0.0,0.0,0,False,True,1762852425.33035,pid_20356,KL001
3,48,-0.0021345580870035,-0.0005923388627733,0.0,0.0,-0.1024587881761703,-0.0284322654131186,0.0,0.0,0,False,True,1762852425.9662242,pid_1804,KL001
4,61,-0.0034232672808931,-0.0027958178453565,0.0,0.0,-0.2088193041344804,-0.170544888566747,0.0,0.0,0,False,True,1762852426.5844493,pid_16736,KL004
4,283,-0.0020776762405351,-0.0009316998391365,0.0,0.0,-0.5879823760714559,-0.2636710544756561,0.0,0.0,0,False,True,1762852427.0147164,pid_9300,KL005
3,70,-0.0024915478287003,-0.0021806881727367,0.0,0.0,-0.1744083480090261,-0.1526481720915697,0.0,0.0,0,False,True,1762852427.4105606,pid_1804,KL006
3,234,-0.0015605753199816,0.0018706445542919,-0.0256410256410256,-0.0037009726654769,-0.3651746248757023,0.4377308257043112,-6.0,-0.8660276037215987,2,False,True,1762852427.7651813,pid_28816,KL003
4,164,-0.0014319774934109,0.0038333505577084,0.0,0.0,-0.2348443089193892,0.6286694914641932,0.0,0.0,0,False,True,1762852427.7671804,pid_38664,KL003
4,159,-0.0020909411050607,0.0008278497333299,0.0,0.0,-0.3324596357046592,0.1316281075994552,0.0,0.0,0,False,True,1762852428.007152,pid_39568,KL004
4,400,-0.0023483513981547,1.6643845162178096e-05,0.0,-0.0094104057392715,-0.9393405592619192,0.0066575380648712,0.0,-3.764162295708629,0,False,True,1762852428.4008243,pid_36784,KL003
3,400,-0.0023322474269276,-0.0009158899046672,0.0,-0.0018745772891407,-0.9328989707710436,-0.3663559618668858,0.0,-0.749830915656298,0,False,True,1762852428.811504,pid_20768,KL002
4,308,-0.002692752645233,-0.0014664309871106,0.0,-0.0006785343243821,-0.8293678147317864,-0.4516607440300925,0.0,-0.2089885719096951,0,False,True,1762852428.9882934,pid_7856,KL001
3,255,-0.0018430475797506,0.0020738056039385,-0.0117647058823529,-0.0066667478429355,-0.4699771328364164,0.5288204290043199,-3.0,-1.700020699948559,1,False,True,1762852429.186275,pid_28816,KL005
5,69,-0.0018872808890681,0.0020805837261547,0.0,0.0,-0.1302223813457006,0.1435602771046808,0.0,0.0,0,False,True,1762852429.455166,pid_21164,KL004
3,383,-0.002105637736088,-0.0007197223334099,-0.0156657963446475,-0.0060101609997171,-0.8064592529217325,-0.2756536536960103,-6.0,-2.301891662891659,2,False,True,1762852429.6390786,pid_12132,KL006
5,78,-0.0030285044088062,-0.002862032310398,0.0,0.0,-0.2362233438868876,-0.2232385202110515,0.0,0.0,0,False,True,1762852430.0672233,pid_21164,KL003
3,272,-0.0028354072731657,-0.0015940649588274,0.0,0.0,-0.7712307783010808,-0.4335856688010793,0.0,0.0,0,False,True,1762852430.2648666,pid_15188,KL004
4,111,-0.0023767540821822,-0.0012320417169176,0.0,-0.0214946651506085,-0.2638197031222254,-0.1367566305778642,0.0,-2.385907831717549,0,False,True,1762852430.2873063,pid_43364,KL005
4,29,-0.003596352713983,-0.0038962761204202,0.0,-0.0417397619692664,-0.1042942287055093,-0.1129920074921884,0.0,-1.2104530971087275,0,False,True,1762852445.237435,pid_20768,KL001
5,28,-0.0036496315930561,-0.0040262237026988,0.0,-0.0231104399856128,-0.1021896846055719,-0.1127342636755684,0.0,-0.6470923195971611,0,False,True,1762852445.43034,pid_7856,KL004
5,46,-0.0038068511113657,-0.0056802580567105,0.0,0.0,-0.1751151511228264,-0.2612918706086835,0.0,0.0,0,False,True,1762852445.7993584,pid_36784,KL004
3,97,-0.002927174969263,-0.002916050109705,0.0,0.0,-0.2839359720185143,-0.2828568606413889,0.0,0.0,0,False,True,1762852446.0144515,pid_23624,KL002
3,400,-0.0023628106627776,0.0001930985594277,0.0,0.0,-0.9451242651110432,0.0772394237711067,0.0,0.0,0,False,True,1762852446.3708856,pid_38972,KL004
4,54,-0.0031899249629346,-0.0038542807619631,0.0,-0.022415798094606,-0.1722559479984703,-0.2081311611460101,0.0,-1.2104530971087275,0,False,True,1762852446.7583191,pid_20768,KL003
5,114,-0.0028197539503782,-0.0015014939626539,-0.0263157894736842,-0.0094132160760194,-0.3214519503431225,-0.1711703117425542,-3.0,-1.0731066326662149,1,False,True,1762852446.7638214,pid_21164,KL005
4,42,-0.0025519113982641,-0.0017289058784365,0.0,0.0,-0.1071802787270958,-0.0726140468943362,0.0,0.0,0,False,True,1762852446.7648256,pid_12132,KL002
5,88,-0.0027265571780035,-0.0027315160187244,0.0,0.0,-0.2399370316643098,-0.2403734096477521,0.0,0.0,0,False,True,1762852447.3619192,pid_9300,KL005
4,161,-0.0026049916747449,-0.0013475616060755,0.0,-0.0100162521235444,-0.4194036596339311,-0.2169574185781632,0.0,-1.6126165918906608,0,False,True,1762852447.9565756,pid_43364,KL002
5,96,-0.0016926443925674,-0.0032386079731129,0.0,0.0,-0.1624938616864794,-0.3109063654188472,0.0,0.0,0,False,True,1762852449.1485426,pid_36784,KL001
4,186,-0.002828600042653,-0.001957053840411,0.0,0.0,-0.5261196079334691,-0.364012014316454,0.0,0.0,0,False,True,1762852449.314454,pid_16736,KL005
5,154,-0.0026259944205647,-0.0012959907536469,-0.0194805194805194,-0.0069682248874429,-0.4044031407669729,-0.1995825760616345,-3.0,-1.0731066326662149,1,False,True,1762852449.3194847,pid_21164,KL002
4,307,-0.0028822142370395,-0.0024267555684607,0.0,0.0,-0.8848397707711563,-0.7450139595174495,0.0,0.0,0,False,True,1762852449.9270658,pid_20108,KL004
4,59,-0.0016973913997468,0.0015097513751717,0.0,-0.0001521359369475,-0.1001460925850653,0.0890753311351335,0.0,-0.0089760202799075,0,False,True,1762852450.141193,pid_38972,KL001
3,229,-0.0022027312451595,0.0003823057580085,0.0,-0.0044183135886557,-0.5044254551415298,0.0875480185839641,0.0,-1.01179381180216,0,False,True,1762852450.3045447,pid_32240,KL003
4,100,-0.0027920336472113,-0.0020701442230268,0.0,-0.0054157697023344,-0.2792033647211321,-0.2070144223026804,0.0,-0.5415769702334499,0,False,True,1762852451.138108,pid_15188,KL004
3,217,-0.0016163564695026,0.0025505279204481,0.0,0.0,-0.350749353882074,0.5534645587372555,0.0,0.0,0,False,True,1762852451.5557554,pid_1804,KL004
6,35,-0.0027701933827402,-0.0006811786401204,0.0,0.0,-0.0969567683959097,-0.0238412524042168,0.0,0.0,0,False,True,1762852451.740654,pid_21164,KL004
6,48,-0.0026756433567625,-0.0030937224803486,0.0,0.0,-0.1284308811246008,-0.1484986790567342,0.0,0.0,0,False,True,1762852452.5429933,pid_21164,KL003
5,168,-0.0024799673080347,-0.0010026666407756,0.0,0.0,-0.416634507749831,-0.1684479956503036,0.0,0.0,0,False,True,1762852452.5429933,pid_9300,KL006
4,17,-0.0005463210371398,0.0104409344692957,0.0,0.0,-0.0092874576313774,0.177495885978028,0.0,0.0,0,True,False,1762852452.7191472,pid_1804,KL005
4,240,-0.0023109739535326,0.0004762534158631,0.0,0.0,-0.5546337488478443,0.1143008198071462,0.0,0.0,0,False,True,1762852452.9058297,pid_16736,KL002
4,144,-0.0033279982740467,-0.0046812839120602,-0.0208333333333333,-0.0159936675225738,-0.4792317514627308,-0.6741048833366765,-3.0,-2.30308812325063,1,False,True,1762852453.156521,pid_28816,KL003
4,44,-0.0011179405631787,0.0023021549802307,0.0,-0.0429951993339592,-0.0491893847798658,0.1012948191301513,0.0,-1.891788770694209,0,False,True,1762852453.1844735,pid_32240,KL003
4,376,-0.0025401338998139,0.0011366798604487,0.0,-0.0011682059941593,-0.9550903463300464,0.4273916275287481,0.0,-0.4392454538039181,0,False,True,1762852453.3321466,pid_34744,KL001
5,183,-0.0026909645772042,-0.0023068006914412,0.0,0.0,-0.4924465176283719,-0.4221445265337556,0.0,0.0,0,False,True,1762852453.5590944,pid_9300,KL001
4,260,-0.0019901661036268,-0.0014631020873408,-0.023076923076923,-0.0196228030853351,-0.5174431869429836,-0.3804065427086308,-6.0,-5.10192880218714,2,False,True,1762852454.5351942,pid_43364,KL006
4,350,-0.0022983272221728,-0.0001891047518749,0.0,0.0,-0.8044145277604877,-0.0661866631562287,0.0,0.0,0,False,True,1762852455.1104405,pid_39568,KL003
5,177,-0.0020053975359808,0.0017059906629062,0.0,-0.0220399673397837,-0.3549553638686132,0.301960347334413,0.0,-3.9010742191417305,0,False,True,1762852455.1437926,pid_7856,KL006
4,387,-0.0025326816087334,-0.0009633256752522,0.0,0.0,-0.9801477825798428,-0.3728070363226357,0.0,0.0,0,False,True,1762852455.3053114,pid_20108,KL001
5,200,-0.0022075660094111,0.0009172876099023,0.0,0.0,-0.4415132018822202,0.183457521980463,0.0,0.0,0,False,True,1762852456.1285963,pid_36784,KL002
4,199,-0.0026696574821992,-0.0018900453923013,-0.0301507537688442,-0.0210000328857014,-0.5312618389576553,-0.3761190330679758,-6.0,-4.179006544254585,2,False,True,1762852469.442786,pid_28816,KL001
4,202,-0.0025811593405496,-0.0004499951376149,0.0,0.0,-0.5213941867910246,-0.0908990177982285,0.0,0.0,0,False,True,1762852470.045563,pid_12132,KL003
3,277,-0.0028443637913092,-0.0018677726908931,0.0,-0.0021636305720972,-0.7878887701926643,-0.5173730353773982,0.0,-0.5993256684709294,0,False,True,1762852470.618213,pid_23624,KL004
4,224,-0.0024460456238757,-0.0013689717159284,0.0,-0.0043084984792571,-0.5479142197481769,-0.3066496643679759,0.0,-0.9651036593535952,0,False,True,1762852471.0138214,pid_28816,KL005
5,80,-0.0033478925325998,-0.0045065274063762,0.0,0.0,-0.2678314026079866,-0.3605221925101022,0.0,0.0,0,False,True,1762852471.2101564,pid_34744,KL001
5,84,-0.0018731396822808,0.0016511097728075,0.0,0.0,-0.1573437333115887,0.1386932209158359,0.0,0.0,0,False,True,1762852471.6675403,pid_34744,KL002
6,83,-0.0022315509508416,-0.0007455936861369,-0.072289156626506,-0.0421612816945951,-0.185218728919856,-0.06188427594937,-6.0,-3.4993863806513974,2,False,True,1762852471.8651526,pid_9300,KL006
3,367,-0.0022486643414181,-9.37178795221127e-05,0.0,-0.0025497077859397,-0.825259813300452,-0.0343944617846153,0.0,-0.9357427574398852,0,False,True,1762852471.877126,pid_20356,KL002
5,60,-0.0020989020199039,0.0014564261253364,0.0,0.0,-0.1259341211942382,0.0873855675201891,0.0,0.0,0,False,True,1762852472.0399575,pid_20108,KL004
4,123,-0.0032626760830428,-0.0036875601171483,0.0,-0.0019086094385409,-0.4013091582142671,-0.4535698944092416,0.0,-0.234758960940533,0,False,True,1762852472.442663,pid_1804,KL001
5,28,-0.003340309576972,-0.0045386766238252,0.0,0.0,-0.0935286681552172,-0.127082945467108,0.0,0.0,0,False,True,1762852473.035534,pid_28816,KL005
6,64,-0.0011555080572485,0.0037373843369683,0.0,0.0,-0.0739525156639054,0.239192597565977,0.0,0.0,0,False,True,1762852473.0480072,pid_36784,KL001
4,153,-0.0023934105402735,-0.0006826254263456,0.0,-0.0123646324881974,-0.3661918126618531,-0.1044416902308782,0.0,-1.891788770694209,0,False,True,1762852473.227977,pid_32240,KL002
4,255,-0.0019805602965231,0.0004298989551824,0.0,-0.0054967272878059,-0.5050428756134104,0.1096242335715346,0.0,-1.4016654583905093,0,False,True,1762852473.6323886,pid_12132,KL005
5,89,-0.0028014284086754,-0.0024453655188331,0.0,-0.0009145947892408,-0.2493271283721194,-0.2176375311761502,0.0,-0.0813989362424346,0,False,True,1762852473.8171203,pid_20108,KL001
4,275,-0.0029574215849461,-0.0019719323418017,0.0,-0.0018979189668635,-0.8132909358601947,-0.542281393995475,0.0,-0.5219277158874759,0,False,True,1762852474.2375228,pid_20768,KL004
4,262,-0.0018276838458063,0.002126233998161,-0.0114503816793893,-0.0076107772310369,-0.4788531676012643,0.5570733075181951,-3.0,-1.9940236345316928,1,False,True,1762852474.640799,pid_15188,KL001
5,136,-0.0031177654574045,-0.0035906469337928,-0.0441176470588235,-0.0194006648259136,-0.4240161022070241,-0.4883279829958294,-6.0,-2.6384904163242604,2,False,True,1762852474.6451998,pid_16736,KL001
5,107,-0.0027740948762471,-0.0014663016274708,-0.0560747663551401,-0.0654905094723563,-0.2968281517584434,-0.1568942741393809,-6.0,-7.007484513542125,2,False,True,1762852475.0750487,pid_39568,KL002
4,242,-0.002478843723072,-0.0002044418943736,0.0,0.0,-0.5998801809834475,-0.0494749384384162,0.0,0.0,0,False,True,1762852475.088671,pid_38972,KL005
5,114,-0.0033945537917489,-0.0052098878513193,0.0,-0.0360333009130923,-0.3869791322593825,-0.5939272150504005,0.0,-4.107796304092523,0,False,True,1762852475.476369,pid_39568,KL004
4,56,-0.0027837505874381,-0.0020705089009594,0.0,0.0,-0.1558900328965348,-0.1159484984537291,0.0,0.0,0,False,True,1762852475.6931996,pid_20356,KL006
5,299,-0.0023023366278101,0.0003190215124989,0.0,-0.0088215238223333,-0.6883986517152338,0.095387432237183,0.0,-2.6376356228776663,0,False,True,1762852476.0618916,pid_7856,KL005
5,123,-0.0014970164682019,0.0022313943654416,0.0,0.0,-0.1841330255888379,0.2744615069493168,0.0,0.0,0,False,True,1762852476.2604284,pid_20108,KL002
6,151,-0.0028847730168533,-0.0029501373265472,0.0,0.0,-0.4356007255448523,-0.4454707363086383,0.0,0.0,0,False,True,1762852476.4774866,pid_9300,KL005
5,165,-0.0032794783161836,-0.0035793329057959,-0.0363636363636363,-0.0133239351918477,-0.5411139221703095,-0.5905899294563272,-6.0,-2.1984493066548785,2,False,True,1762852476.667347,pid_16736,KL004
4,187,-0.0018841153012195,-0.0016867564612091,0.0,-0.000744035045492,-0.3523295613280484,-0.3154234582461036,0.0,-0.139134553507012,0,False,True,1762852476.6813562,pid_1804,KL004
6,15,-0.0028375511000916,-0.0007266171015312,0.0,0.0,-0.0425632665013743,-0.0108992565229693,0.0,0.0,0,False,True,1762852477.103598,pid_7856,KL004
4,111,-0.0029871258677042,-0.0034603773140283,0.0,0.0,-0.3315709713151699,-0.3841018818571476,0.0,0.0,0,False,True,1762852478.0565813,pid_23624,KL002
5,189,-0.0026945757625284,-0.0020437116615022,-0.0317460317460317,-0.0163062561178341,-0.5092748191178698,-0.3862615040239328,-6.0,-3.081882406270657,2,False,True,1762852478.263019,pid_16736,KL005
5,355,-0.0024032375728631,-0.0005827034908323,0.0,-0.0051642923987403,-0.8531493383664093,-0.2068597392454999,0.0,-1.8333238015528408,0,False,True,1762852478.457785,pid_38664,KL002
5,356,-0.002851702579818,-0.0020270460786417,-0.0084269662921348,-0.0044300609274112,-1.0152061184152328,-0.721628403996448,-3.0,-1.5771016901584125,1,False,True,1762852478.4678116,pid_38664,KL006
4,126,-0.0031363703241338,-0.0044692722249383,0.0,-0.0143970327057574,-0.3951826608408619,-0.5631283003422375,0.0,-1.814026120925441,0,False,True,1762852480.4008267,pid_20356,KL001
5,151,-0.0019034298613125,0.0013613773189414,0.0,-0.0051836092690647,-0.2874179090581937,0.2055679751601586,0.0,-0.7827249996287773,0,False,True,1762852494.9523203,pid_28816,KL001
5,210,-0.002612376056885,-0.0013368131249272,-0.0285714285714285,-0.0242861663539741,-0.548598971945855,-0.2807307562347283,-6.0,-5.100094934334576,2,False,True,1762852494.9808197,pid_43364,KL002
4,277,-0.0029210104767976,-0.0020989115135629,0.0,-0.0120776855298981,-0.8091199020729385,-0.5813984892569329,0.0,-3.345518891781777,0,False,True,1762852495.139711,pid_32240,KL006
5,26,-0.0034125363197123,-0.0027504774053417,0.0,-0.0481467647540579,-0.0887259443125211,-0.0715124125388863,0.0,-1.2518158836055078,0,False,True,1762852496.8840334,pid_32240,KL003
6,108,-0.0035460633093422,-0.0041186490342958,-0.0555555555555555,-0.0380453060307903,-0.3829748374089619,-0.444814095703954,-6.0,-4.108893051325356,2,False,True,1762852497.0734956,pid_20108,KL001
5,156,-0.0027848117641707,-0.0018152782443079,0.0,-0.0050566206845355,-0.4344306352106408,-0.2831834061120395,0.0,-0.7888328267875397,0,False,True,1762852497.6458693,pid_12132,KL003
5,247,-0.002529003214929,-0.0012578874952748,0.0,0.0,-0.6246637940874727,-0.3106982113328763,0.0,0.0,0,False,True,1762852497.8622887,pid_39568,KL003
6,97,-0.0037014517802801,-0.0050304653450202,0.0,0.0,-0.3590408226871781,-0.4879551384669668,0.0,0.0,0,False,True,1762852498.2496192,pid_16736,KL001
7,129,-0.00283477631357,-0.0013766298229311,-0.0232558139534883,-0.0285696599620199,-0.3656861444505371,-0.1775852471581227,-3.0,-3.685486135100571,1,False,True,1762852498.6373477,pid_9300,KL006
5,269,-0.0028681583470677,-0.00246823183384,-0.0111524163568773,-0.0178675382896153,-0.7715345953612218,-0.6639543633029823,-3.0,-4.806367799906526,1,False,True,1762852498.8272903,pid_43364,KL005
6,109,-0.0021729014813348,0.0004370916112794,-0.0275229357798165,-0.0207807001012092,-0.2368462614655007,0.0476429856294644,-3.0,-2.265096311031804,1,False,True,1762852499.064664,pid_16736,KL005
4,208,-0.0023110443893562,-0.000305906019065,0.0,-0.0084236448480276,-0.4806972329861094,-0.0636284519655263,0.0,-1.7521181283897411,0,False,True,1762852499.4192398,pid_20356,KL002
5,182,-0.0019390798164106,0.0016474570902174,0.0,-0.0110357102295673,-0.3529125265867296,0.2998371904195845,0.0,-2.008499261781255,0,False,True,1762852500.0018153,pid_20768,KL003
5,179,-0.0020333006067169,0.0007939460010825,0.0,-0.0057542740364865,-0.3639608086023331,0.1421163341937777,0.0,-1.0300150525310885,0,False,True,1762852500.2227836,pid_15188,KL004
6,165,-0.00149478599487,0.0036071722420711,0.0,-0.0052469310390948,-0.2466396891535642,0.5951834199417323,0.0,-0.8657436214506542,0,False,True,1762852500.6167803,pid_7856,KL006
5,245,-0.0027098932799477,-0.0019291716399368,0.0,0.0,-0.6639238535871943,-0.4726470517845247,0.0,0.0,0,False,True,1762852501.0056386,pid_28816,KL003
6,175,-0.0024040815298039,-0.0012849058573359,0.0,-0.0017347020084369,-0.4207142677156916,-0.2248585250337894,0.0,-0.3035728514764721,0,False,True,1762852501.4241197,pid_20108,KL004
5,205,-0.0026276862868704,-0.0015768695964573,0.0,0.0,-0.5386756888084402,-0.3232582672737475,0.0,0.0,0,False,True,1762852501.4391477,pid_20768,KL001
6,400,-0.0024027947707893,0.0002484087352273,-0.0075,-0.0048472371798341,-0.9611179083157384,0.0993634940909372,-3.0,-1.9388948719336765,1,False,True,1762852502.4779868,pid_21164,KL005
4,379,-0.002795808302492,-0.0016884480325323,0.0,-0.0092250934651954,-1.0596113466444823,-0.639921804329763,0.0,-3.4963104233090645,0,False,True,1762852503.1120903,pid_1804,KL006
6,188,-0.0026800865344644,-0.0021049774074699,-0.0159574468085106,-0.0119465867971008,-0.5038562684793216,-0.395735752604358,-3.0,-2.245958317854968,1,False,True,1762852504.7304945,pid_38664,KL002
7,50,-0.0011844085349542,0.0052275731063064,0.0,0.0,-0.0592204267477112,0.2613786553153218,0.0,0.0,0,True,False,1762852504.908149,pid_20108,KL004
7,222,-0.0033370702563497,-0.0036008357552809,0.0,0.0,-0.7408295969096552,-0.7993855376723786,0.0,0.0,0,False,True,1762852504.9111502,pid_9300,KL005
5,32,-0.0028936417265169,-0.0032186553213596,0.0,-0.0216491587779359,-0.0925965352485424,-0.1029969702835089,0.0,-0.6927730808939502,0,False,True,1762852505.3465955,pid_1804,KL001
5,400,-0.0023895797258315,-0.0001774754199642,-0.0075,-0.0037828418922137,-0.9558318903326096,-0.0709901679857105,-3.0,-1.5131367568855012,1,False,True,1762852518.5124876,pid_34744,KL003
6,369,-0.0020428268915396,0.0013563871826011,0.0,-0.0055219288528917,-0.7538031229781246,0.500506870379833,0.0,-2.037591746717065,0,False,True,1762852519.2872484,pid_36784,KL004
6,141,-0.001281825442106,0.0022441053326881,0.0,0.0,-0.180737387336947,0.3164188519090348,0.0,0.0,0,False,True,1762852519.477672,pid_39568,KL002
5,300,-0.0023176050079191,-0.0004885142656702,0.0,0.0,-0.6952815023757474,-0.146554279701084,0.0,0.0,0,False,True,1762852519.4871774,pid_12132,KL002
4,350,-0.0024693287535351,0.0002418840904103,0.0,0.0,-0.8642650637373158,0.0846594316436141,0.0,0.0,0,False,True,1762852519.856755,pid_23624,KL004
6,250,-0.0023570881559215,-0.0004425866734159,0.0,0.0,-0.5892720389803972,-0.1106466683539973,0.0,0.0,0,False,True,1762852520.6673672,pid_16736,KL004
5,316,-0.0023406033555746,-0.0005191832687925,0.0,-0.0032595413054781,-0.739630660361602,-0.1640619129384565,0.0,-1.0300150525310885,0,False,True,1762852521.4439125,pid_15188,KL001
7,12,-0.0023686128464987,-0.0008188063510453,0.0,0.0,-0.0284233541579844,-0.0098256762125439,0.0,0.0,0,False,True,1762852521.460544,pid_16736,KL001
7,106,-0.0034713969963644,-0.0048005909769138,-0.0566037735849056,-0.0055685749910333,-0.3679680816146317,-0.5088626435528643,-6.0,-0.5902689490495348,2,False,True,1762852521.6983664,pid_21164,KL003
5,153,-0.0017258235068765,-0.0021421682204382,0.0,0.0,-0.2640509965521177,-0.3277517377270578,0.0,0.0,0,False,True,1762852521.895222,pid_20356,KL006
5,230,-0.0018891309585386,0.0014263238550178,0.0,-0.0043120884521372,-0.4345001204638918,0.3280544866541063,0.0,-0.991780343991564,0,False,True,1762852522.7380478,pid_32240,KL002
6,191,-0.0028116667089222,-0.0025603517953262,-0.0157068062827225,-0.0316320224694359,-0.5370283414041507,-0.4890271929073169,-3.0,-6.041716291662263,1,False,True,1762852523.8187416,pid_43364,KL005
5,198,-0.0017892238495808,0.0022216407038579,-0.0303030303030303,-0.0208501023377295,-0.354266322217015,0.4398848593638645,-6.0,-4.128320262870448,2,False,True,1762852525.025097,pid_20356,KL001
6,183,-0.0015165786190948,0.0039501203678552,0.0,-0.0004340310554065,-0.2775338872943497,0.7228720273175148,0.0,-0.0794276831394008,0,False,True,1762852525.6018147,pid_28816,KL001
5,371,-0.0022993125977748,0.0003683672030435,-0.0080862533692722,-0.0080024990461766,-0.853044973774487,0.1366642323291717,-3.0,-2.9689271461315547,1,False,True,1762852525.8065567,pid_38972,KL001
6,112,-0.0021682184859231,-0.0018839937881853,0.0,-0.0178501564714317,-0.242840470423398,-0.2110073042767626,0.0,-1.9992175248003528,0,False,True,1762852526.0662577,pid_34744,KL001
8,136,-0.0026696041494879,-0.0023431270980775,-0.0220588235294117,-0.0323313312552599,-0.3630661643303627,-0.3186652853385457,-3.0,-4.397061050715353,1,False,True,1762852526.2515004,pid_9300,KL005
5,163,-0.0025701090127785,-0.0013953014901215,0.0,-0.0042501416005763,-0.4189277690829107,-0.2274341428898094,0.0,-0.6927730808939502,0,False,True,1762852526.4306326,pid_1804,KL004
6,208,-0.002269810749821,-0.0006626484292215,0.0,-0.0057946546848119,-0.4721206359627813,-0.1378308732780755,0.0,-1.2052881744408863,0,False,True,1762852527.2930558,pid_28816,KL005
7,206,-0.0024019396963667,-0.0013037520172474,0.0,-0.0066376485168724,-0.4947995774515537,-0.2685729155529784,0.0,-1.3673555944757192,0,False,True,1762852527.6610782,pid_20108,KL001
7,127,-0.0028616296348726,-0.0017601602528577,0.0,0.0,-0.3634269636288294,-0.223540352112933,0.0,0.0,0,False,True,1762852527.868215,pid_36784,KL001
7,213,-0.0013786208283845,0.003594640581248,-0.028169014084507,-0.0027712157232372,-0.2936462364459077,0.7656584438058414,-6.0,-0.5902689490495348,2,False,True,1762852529.0740144,pid_21164,KL004
6,311,-0.0020181710607591,-0.0016194441297481,0.0,0.0,-0.6276511998960844,-0.5036471243516729,0.0,0.0,0,False,True,1762852544.0343294,pid_39568,KL004
7,271,-0.0023611713657353,-0.0009104746117482,0.0,0.0,-0.6398774401142924,-0.2467386197837768,0.0,0.0,0,False,True,1762852544.0519276,pid_7856,KL004
6,139,-0.0028633019309243,-0.0020583009321041,-0.0647482014388489,-0.038352216533568,-0.3979989683984896,-0.2861038295624826,-9.0,-5.330958098165957,3,False,True,1762852544.0566692,pid_15188,KL001
5,236,-0.0016431875807237,0.0037158940236811,0.0,-0.0025262474068581,-0.3877922690508122,0.8769509895887618,0.0,-0.596194388018532,0,True,False,1762852544.2369423,pid_1804,KL005
7,162,-0.0031269974327943,-0.0035184237668144,0.0,0.0,-0.5065735841126789,-0.5699846502239382,0.0,0.0,0,False,True,1762852544.6244855,pid_16736,KL005
6,309,-0.0025791074935202,0.0014581226866725,-0.0194174757281553,-0.0195725525552898,-0.7969442154977485,0.4505599101818297,-6.0,-6.047918739584572,2,False,True,1762852544.821402,pid_43364,KL002
8,230,-0.002895507588111,-0.00322542712127,0.0,0.0,-0.6659667452655414,-0.7418482378921091,0.0,0.0,0,False,True,1762852545.775633,pid_9300,KL006
6,248,-0.0022048195942396,0.0008624585948919,0.0,0.0,-0.5467952593714376,0.2138897315332001,0.0,0.0,0,False,True,1762852548.5926435,pid_34744,KL002
6,98,-0.0015669408546531,0.0045282381364456,0.0,0.0,-0.1535602037560132,0.4437673373716698,0.0,0.0,0,True,False,1762852551.357028,pid_1804,KL001
7,176,-0.0026380652251361,0.0008980347779509,0.0,-5.5894879522839804e-06,-0.4642994796239562,0.1580541209193663,0.0,-0.0009837498796019,0,False,True,1762852552.582262,pid_28816,KL001
6,400,-0.0025881166202647,0.0012572680500947,-0.015,-0.0087996477879797,-1.03524664810589,0.502907220037885,-6.0,-3.5198591151919114,2,False,True,1762852554.1359758,pid_20768,KL003
6,321,-0.0021193439613062,-0.0008385530283324,0.0,-0.0076963359042946,-0.6803094115793207,-0.2691755220947012,0.0,-2.470523825278595,0,False,True,1762852554.5264587,pid_12132,KL003
6,154,-0.0013476980248269,-0.0033810438168076,0.0,0.0,-0.2075454958233482,-0.5206807477883777,0.0,0.0,0,False,True,1762852566.1388328,pid_1804,KL004
6,302,-0.0023925543340087,-0.0002047532581406,-0.009933774834437,-0.0072060664370291,-0.7225514088706358,-0.0618354839584633,-3.0,-2.176232063982805,1,False,True,1762852566.4943318,pid_15188,KL004
6,245,-0.0026934251754338,-0.0020145526485291,-0.0244897959183673,-0.0199845226037917,-0.6598891679812973,-0.4935653988896473,-6.0,-4.896208037928982,2,False,True,1762852566.874923,pid_38972,KL001
7,378,-0.0024696154778018,-0.0006993682619092,-0.0079365079365079,-0.0054012453500072,-0.9335146506090866,-0.2643612030016891,-3.0,-2.041670742302746,1,False,True,1762852566.879923,pid_38664,KL002
5,400,-0.0023592438357642,0.0011305616106361,0.0,-0.0003053526399176,-0.9436975343057012,0.4522246442544421,0.0,-0.1221410559670613,0,False,True,1762852571.3829474,pid_23624,KL002
9,214,-0.0015973388307397,-0.0026470504820473,0.0,0.0,-0.3418305097783043,-0.56646880315813,0.0,0.0,0,False,True,1762852571.5701926,pid_9300,KL005
8,285,-0.0019051120422936,0.0021421191472411,0.0,-0.0030894204476425,-0.5429569320536924,0.6105039569637303,0.0,-0.8804848275781354,0,False,True,1762852572.8014464,pid_21164,KL003
8,312,-0.0022029121510433,0.000673654713537,0.0,-0.0043641712784513,-0.6873085911255137,0.2101802706235735,0.0,-1.3616214388768342,0,False,True,1762852573.1944754,pid_20108,KL004
6,400,-0.0022065520851231,-0.0007221748646873,-0.0075,-0.0070172314870753,-0.8826208340492516,-0.2888699458749456,-3.0,-2.806892594830127,1,False,True,1762852574.2202897,pid_32240,KL003
7,280,-0.0023384066662259,-0.0013398643819228,0.0,0.0,-0.6547538665432598,-0.3751620269383953,0.0,0.0,0,False,True,1762852575.2953582,pid_43364,KL005
8,293,-0.002286768009047,-0.0005604272844115,0.0,-0.0054225411224311,-0.6700230266507994,-0.1642051943325866,0.0,-1.5888045488723184,0,False,True,1762852576.0625985,pid_16736,KL001
7,242,-0.0027522701491859,-0.0017448157107854,-0.012396694214876,-0.0030961434749715,-0.666049376102994,-0.4222454020100827,-3.0,-0.7492667209431204,1,False,True,1762852576.0776114,pid_34744,KL001
6,400,-0.0022733306482817,-0.0002472857982157,0.0,0.0,-0.9093322593127156,-0.098914319286313,0.0,0.0,0,False,True,1762852576.5157578,pid_20356,KL006
7,154,-0.0019260986885108,0.0020192971490192,0.0,-0.003722668920417,-0.2966191980306663,0.3109717609489578,0.0,-0.5732910137442291,0,False,True,1762852576.705011,pid_1804,KL001
7,154,-0.0019478873435352,0.0016376762760112,0.0,0.0,-0.2999746509044249,0.2522021465057273,0.0,0.0,0,False,True,1762852576.899032,pid_15188,KL001
1,65,-0.0185895607065357,0.0006626744919581,0.0,0.0,-1.2083214459248224,0.0430738419772827,0.0,0.0,0,False,True,1762852578.1763246,pid_36328,KL006
1,74,-0.0210729138690676,-0.0008488150538576,0.0,0.0,-1.5593956263110051,-0.0628123139854655,0.0,0.0,0,False,True,1762852578.2004757,pid_36328,KL003
1,78,-0.0192317650390513,0.0004586053791183,-0.0384615384615384,-0.0112956089974815,-1.5000776730460048,0.0357712195712323,-3.0,-0.8810575018035647,1,False,True,1762852578.2120364,pid_36328,KL004
1,97,-0.0232902126546553,-0.0013622768709184,-0.0309278350515463,-0.0059073280836522,-2.2591506275015703,-0.1321408564790867,-3.0,-0.5730108241142711,1,False,True,1762852578.2546573,pid_36328,KL005
1,106,-0.0186726842774465,0.0001074176413833,-0.0283018867924528,-0.0058322635038325,-1.9793045334093375,0.0113862699866319,-3.0,-0.6182199314062461,1,False,True,1762852578.280069,pid_36328,KL001
1,150,-0.0341397758406882,-0.0057649610003444,-0.06,-0.0119288860422232,-5.120966376103231,-0.8647441500516629,-9.0,-1.7893329063334926,3,False,True,1762852578.3632617,pid_36328,KL002
2,31,-0.0099286595445104,0.0027702705806678,0.0,0.0,-0.3077884458798244,0.0858783880007038,0.0,0.0,0,False,True,1762852578.4710207,pid_36328,KL006
2,74,-0.0236080142557059,-0.0017669780929218,0.0,0.0,-1.746993054922239,-0.1307563788762168,0.0,0.0,0,False,True,1762852578.598674,pid_36328,KL003
2,108,-0.0263811488077993,-0.0029259339027788,-0.0277777777777777,-0.0041544181933847,-2.8491640712423294,-0.3160008615001203,-3.0,-0.4486771648855548,1,False,True,1762852578.6891718,pid_36328,KL004
2,111,-0.0177444061292768,0.0003673180185243,-0.027027027027027,-0.01466181658815,-1.9696290803497316,0.0407723000562074,-3.0,-1.6274616412846563,1,False,True,1762852578.696765,pid_36328,KL002
2,115,-0.0262372552657397,-0.0030131426472259,0.0,0.0,-3.017284355560071,-0.346511404430981,0.0,0.0,0,False,True,1762852578.7059915,pid_36328,KL005
2,120,-0.026522948410382,-0.0029725950150438,-0.05,-0.017301156718085,-3.182753809245851,-0.3567114018052575,-6.0,-2.076138806170211,2,False,True,1762852578.716647,pid_36328,KL001
3,53,-0.021311140769563,-0.0009375718752664,0.0,-0.0322840627295087,-1.1294904607868437,-0.0496913093891222,0.0,-1.711055324663963,0,False,True,1762852578.8936477,pid_36328,KL004
3,71,-0.0143066148530633,0.001075566883455,0.0,-0.0259882468448807,-1.0157696545675012,0.0763652487253096,0.0,-1.8451655259865296,0,False,True,1762852578.9480896,pid_36328,KL001
3,86,-0.0083447013275289,0.0041317954870777,-0.0348837209302325,-0.0145492563149217,-0.7176443141674864,0.3553344118886886,-3.0,-1.2512360430832736,1,False,True,1762852578.9865763,pid_36328,KL002
3,103,-0.0308437094071961,-0.0047040701943143,0.0,-0.0179142284076362,-3.1769020689412018,-0.4845192300143782,0.0,-1.8451655259865296,0,False,True,1762852579.025377,pid_36328,KL003
3,107,-0.0250705229827376,-0.0024705776402822,-0.02803738317757,-0.0116937947951707,-2.682545959152925,-0.2643518075102025,-3.0,-1.2512360430832736,1,False,True,1762852579.035379,pid_36328,KL005
3,144,-0.0208714308571781,-0.0006610012942994,0.0,-0.0118823286434997,-3.005486043433657,-0.0951841863791188,0.0,-1.711055324663963,0,False,True,1762852579.108001,pid_36328,KL006
4,65,-0.0202341664748847,-0.0001646199544108,0.0,0.0,-1.3152208208675067,-0.0107002970367083,0.0,0.0,0,False,True,1762852579.3387856,pid_36328,KL006
4,98,-0.0190219904693391,0.0002765001089492,0.0,0.0,-1.8641550659952335,0.027097010677023,0.0,0.0,0,False,True,1762852579.4306486,pid_36328,KL001
4,98,-0.0186824900218416,-0.0001908823007027,0.0,0.0,-1.8308840221404856,-0.0187064654688667,0.0,0.0,0,False,True,1762852579.4306486,pid_36328,KL003
4,102,-0.0225405882682631,-0.0011054116587648,0.0,0.0,-2.299140003362841,-0.1127519891940193,0.0,0.0,0,False,True,1762852579.4416118,pid_36328,KL005
4,110,-0.0165777979632066,0.0005408035073841,0.0,0.0,-1.823557775952735,0.0594883858122557,0.0,0.0,0,False,True,1762852579.4591763,pid_36328,KL002
4,122,-0.0291732298129218,-0.0042461221254472,0.0,0.0,-3.559134037176461,-0.5180268993045617,0.0,0.0,0,False,True,1762852579.4870696,pid_36328,KL004
5,56,-0.0209413092724825,-0.0001638899894759,0.0,-0.001919656756754,-1.1727133192590211,-0.0091778394106527,0.0,-0.1075007783782287,0,False,True,1762852579.67549,pid_36328,KL005
5,101,-0.0278900132559549,-0.0036379695991995,0.0,-0.0174239011642557,-2.8168913388514523,-0.3674349295191532,0.0,-1.7598140175898334,0,False,True,1762852579.8007803,pid_36328,KL003
5,102,-0.02756547303117,-0.0033734811662256,-0.0294117647058823,-0.0159890964533982,-2.811678249179348,-0.3440950789550114,-3.0,-1.6308878382466223,1,False,True,1762852579.8037689,pid_36328,KL004
5,103,-0.0261667529265517,-0.0026493884069435,0.0,-0.0156608703966629,-2.695175551434825,-0.2728870059151824,0.0,-1.613069650856284,0,False,True,1762852579.805781,pid_36328,KL002
5,141,-0.0212497317712479,-0.0011556809979206,-0.0212765957446808,-0.0123289972810273,-2.996212179745955,-0.1629510207068141,-3.0,-1.7383886166248512,1,False,True,1762852579.89115,pid_36328,KL001
5,159,-0.0254917784708568,-0.0027810264099308,0.0,-0.000922920545494,-4.053192776866246,-0.4421831991789993,0.0,-0.1467443667335495,0,False,True,1762852579.9270637,pid_36328,KL006
6,54,-0.0102115249077435,0.0030957108339382,0.0,0.0,-0.5514223450181504,0.167168385032666,0.0,0.0,0,False,True,1762852580.1153564,pid_36328,KL002
6,61,-0.0169678277889404,0.0014692954469522,0.0,0.0,-1.0350374951253665,0.0896270222640898,0.0,0.0,0,False,True,1762852580.1355903,pid_36328,KL004
6,66,-0.0134276794854548,0.0015805625645157,-0.0454545454545454,-0.0177471140845652,-0.8862268460400208,0.1043171292580384,-3.0,-1.171309529581308,1,False,True,1762852580.150159,pid_36328,KL001
6,73,-0.0173969655979065,0.000936921159183,-0.0821917808219178,-0.0421468970740747,-1.2699784886471777,0.0683952446203641,-6.0,-3.0767234864074533,2,False,True,1762852580.1678286,pid_36328,KL005
6,80,-0.0145347894203056,0.0019783675409239,-0.075,-0.0508483188266277,-1.1627831536244526,0.1582694032739127,-6.0,-4.06786550613022,2,False,True,1762852580.187302,pid_36328,KL006
6,90,-0.0234207902779439,-0.0015739544618151,0.0,0.0,-2.107871125014953,-0.1416559015633629,0.0,0.0,0,False,True,1762852580.2135005,pid_36328,KL003
7,57,-0.017200516724673,0.0006726792595102,0.0,-0.0134399625712767,-0.9804294533063644,0.0383427177920858,0.0,-0.7660778665627769,0,False,True,1762852580.4012237,pid_36328,KL004
7,76,-0.0108407647477185,0.0025971623258355,0.0,-0.0017227264640853,-0.8238981208266091,0.1973843367634989,0.0,-0.1309272112704852,0,False,True,1762852580.4526155,pid_36328,KL002
7,90,-0.0254508193835379,-0.0025741903295686,-0.0333333333333333,-0.0129365290908735,-2.2905737445184133,-0.2316771296611754,-3.0,-1.1642876181786153,1,False,True,1762852580.4886053,pid_36328,KL003
7,92,-0.0225577939595034,-0.0011814701924293,-0.0326086956521739,-0.019559111668162,-2.075317044274317,-0.1086952577035025,-3.0,-1.799438273470907,1,False,True,1762852580.493714,pid_36328,KL005
7,100,-0.0143062541018202,0.0019092720782293,0.0,0.0,-1.4306254101820213,0.1909272078229336,0.0,0.0,0,False,True,1762852580.5100057,pid_36328,KL001
7,140,-0.0244972481778247,-0.0022520107547719,0.0,0.0,-3.4296147448954706,-0.3152815056680703,0.0,0.0,0,False,True,1762852580.5900512,pid_36328,KL006
8,36,-0.0151023070965249,0.0016044961744818,0.0,-0.000859808064028,-0.5436830554748966,0.0577618622813483,0.0,-0.0309530903050087,0,False,True,1762852580.7030425,pid_36328,KL005
8,91,-0.0144326368676053,0.0023378322565891,0.0,0.0,-1.3133699549520876,0.2127427353496108,0.0,0.0,0,False,True,1762852580.8591845,pid_36328,KL003
8,92,-0.0177406763558282,0.0008527003028337,0.0,0.0,-1.6321422247362,0.0784484278607027,0.0,0.0,0,False,True,1762852580.862533,pid_36328,KL002
8,115,-0.0271682709102466,-0.0032036851309432,0.0,-0.000269157307,-3.124351154678365,-0.3684237900584746,0.0,-0.0309530903050087,0,False,True,1762852580.9197335,pid_36328,KL001
8,119,-0.0290202502274291,-0.0038687757611189,0.0,-0.0107273015881297,-3.4534097770640675,-0.4603843155731519,0.0,-1.2765488889874343,0,False,True,1762852580.9280586,pid_36328,KL004
8,125,-0.0212344565073757,-0.0007755703397853,0.0,-0.0102123911118994,-2.654307063421965,-0.0969462924731691,0.0,-1.2765488889874343,0,False,True,1762852580.939293,pid_36328,KL006
9,79,-0.0232399054090591,-0.001603185711828,0.0,0.0,-1.835952527315676,-0.1266516712344132,0.0,0.0,0,False,True,1762852581.2099595,pid_36328,KL001
9,85,-0.0146898195740505,0.0017701211148853,0.0,0.0,-1.248634663794297,0.150460294765252,0.0,0.0,0,False,True,1762852581.2260754,pid_36328,KL006
9,111,-0.0246206383758812,-0.0022053754098183,0.0,0.0,-2.7328908597228176,-0.2447966704898332,0.0,0.0,0,False,True,1762852581.292918,pid_36328,KL002
9,124,-0.0216162419583483,-0.00132558783875,0.0,0.0,-2.6804140028352004,-0.1643728920050043,0.0,0.0,0,False,True,1762852581.3228638,pid_36328,KL003
9,124,-0.0200951657359172,-0.0004721838895351,0.0,0.0,-2.49180055125374,-0.0585508023023643,0.0,0.0,0,False,True,1762852581.3228638,pid_36328,KL004
9,127,-0.0200492716181464,-0.0006600234216732,0.0,0.0,-2.5462574955045945,-0.0838229745524965,0.0,0.0,0,False,True,1762852581.329073,pid_36328,KL005
10,66,-0.01251735161841,0.0026114377911705,0.0,0.0,-0.826145206815063,0.172354894217258,0.0,0.0,0,False,True,1762852581.5589364,pid_36328,KL001
10,69,-0.0169540912859528,0.000715130428169,0.0,0.0,-1.1698322987307432,0.0493439995436637,0.0,0.0,0,False,True,1762852581.5676775,pid_36328,KL004
10,79,-0.0132282868272892,0.0020611345670313,0.0,0.0,-1.0450346593558535,0.1628296307954793,0.0,0.0,0,False,True,1762852581.5929782,pid_36328,KL002
10,99,-0.0182668253590503,-0.0003435760846485,-0.0303030303030303,-0.0102888725205247,-1.8084157105459864,-0.034014032380203,-3.0,-1.0185983795319504,1,False,True,1762852581.6778138,pid_36328,KL006
10,108,-0.0283862759429394,-0.0034787123972813,-0.0277777777777777,-0.0094314664771476,-3.065717801837461,-0.3757009389063868,-3.0,-1.0185983795319504,1,False,True,1762852581.7030668,pid_36328,KL003
10,146,-0.0251521692905728,-0.0028093888842578,0.0,0.0,-3.6722167164236383,-0.4101707771016524,0.0,0.0,0,False,True,1762852581.797501,pid_36328,KL005
11,59,-0.0096978724815498,0.0027945509711686,0.0,0.0,-0.5721744764114403,0.1648785072989492,0.0,0.0,0,False,True,1762852582.0344346,pid_36328,KL005
11,68,-0.0124906300516482,0.0032418195605406,0.0,-0.0301718666141887,-0.8493628435120816,0.2204437301167658,0.0,-2.051686929764837,0,False,True,1762852582.059713,pid_36328,KL006
11,71,-0.0218473458771077,-0.0010930413004517,0.0,-0.0288969990107723,-1.5511615572746482,-0.077605932332074,0.0,-2.051686929764837,0,False,True,1762852582.0678656,pid_36328,KL004
11,94,-0.0166018815989204,0.000933691317372,0.0,0.0,-1.5605768702985203,0.0877669838329742,0.0,0.0,0,False,True,1762852582.1214323,pid_36328,KL002
11,112,-0.0168563944751016,0.0011733911117979,0.0,0.0,-1.88791618121138,0.131419804521369,0.0,0.0,0,False,True,1762852582.1595712,pid_36328,KL003
11,116,-0.0187862349449712,0.000355636648865,0.0,0.0,-2.1792032536166674,0.0412538512683438,0.0,0.0,0,False,True,1762852582.1662624,pid_36328,KL001
12,66,-0.0175293168017297,0.001022040238674,-0.0454545454545454,-0.0278589865435082,-1.1569349089141616,0.0674546557524875,-3.0,-1.8386931118715448,1,False,True,1762852582.389432,pid_36328,KL003
12,106,-0.0309304289918698,-0.0044956341294316,-0.0283018867924528,-0.0354852311459428,-3.278625473138206,-0.4765372177197561,-3.0,-3.7614345014699415,1,False,True,1762852582.5062752,pid_36328,KL006
12,113,-0.0216947760349365,-0.0009077508035688,0.0,-0.0088610527461402,-2.451509691947827,-0.1025758408032799,0.0,-1.001298960313847,0,False,True,1762852582.5235283,pid_36328,KL004
12,130,-0.0295290076305153,-0.0039926935724817,-0.0692307692307692,-0.0231569877400397,-3.838770991966997,-0.5190501644226307,-9.0,-3.010408406205165,3,False,True,1762852582.565916,pid_36328,KL002
12,131,-0.017871438311477,6.197788424679554e-05,-0.0229007633587786,-0.0090455930858517,-2.3411584188034973,0.0081191028363302,-3.0,-1.1849726942465837,1,False,True,1762852582.5683584,pid_36328,KL005
12,137,-0.0309471145802067,-0.0043441035642885,-0.0437956204379562,-0.0269492871145484,-4.239754697488324,-0.5951421883075293,-6.0,-3.69205233469314,2,False,True,1762852582.5787585,pid_36328,KL001
13,65,-0.0123148854981965,0.0025431739916693,0.0,0.0,-0.8004675573827728,0.165306309458506,0.0,0.0,0,False,True,1762852582.7833023,pid_36328,KL006
13,86,-0.0175044949296489,0.0001490089833717,0.0,0.0,-1.505386563949808,0.0128147725699728,0.0,0.0,0,False,True,1762852582.8441808,pid_36328,KL005
13,91,-0.0249027766929215,-0.0023861544583076,0.0,-0.029861275606333,-2.26615267905586,-0.2171400557059984,0.0,-2.717376080176308,0,False,True,1762852582.8564503,pid_36328,KL001
13,103,-0.018580642870452,1.669997816045798e-06,0.0,-0.0263822920405466,-1.9138062156565567,0.0001720097750527,0.0,-2.717376080176308,0,False,True,1762852582.8872168,pid_36328,KL002
13,106,-0.0196568822574431,-0.0004079591631581,0.0,0.0,-2.0836295192889773,-0.0432436712947642,0.0,0.0,0,False,True,1762852582.893503,pid_36328,KL004
13,107,-0.0272359618878135,-0.0032915884150259,0.0,0.0,-2.914247921996053,-0.3521999604077773,0.0,0.0,0,False,True,1762852582.8956504,pid_36328,KL003
14,83,-0.0285190472896416,-0.0027375023412494,0.0,0.0,-2.3670809250402587,-0.2272126943237024,0.0,0.0,0,False,True,1762852583.155395,pid_36328,KL003
14,90,-0.0233972194337672,-0.0017489606320709,0.0,-0.0453418118444635,-2.105749749039052,-0.1574064568863834,0.0,-4.080763066001718,0,False,True,1762852583.1748145,pid_36328,KL004
14,99,-0.0234926332252106,-0.0016478254791367,0.0,-0.0013348502864561,-2.3257706892958496,-0.1631347224345404,0.0,-0.132150178359156,0,False,True,1762852583.1989553,pid_36328,KL005
14,100,-0.0201368259790468,0.0001272239881392,0.0,-0.0435358474134623,-2.0136825979046886,0.0127223988139288,0.0,-4.353584741346239,0,False,True,1762852583.2007253,pid_36328,KL006
14,115,-0.0119730996747419,0.0028866100044936,-0.0260869565217391,-0.0073084727913029,-1.3769064625953251,0.3319601505167661,-3.0,-0.8404743709998401,1,False,True,1762852583.2338731,pid_36328,KL001
14,121,-0.0299924967808335,-0.0043631606474023,-0.024793388429752,-0.0069460691818168,-3.629092110480864,-0.5279424383356902,-3.0,-0.8404743709998401,1,False,True,1762852583.2470686,pid_36328,KL002
15,15,-0.0041612990622702,0.0697255745402541,0.0,0.0,-0.0624194859340534,1.0458836181038125,0.0,0.0,0,True,False,1762852583.328181,pid_36328,KL005
15,28,-0.0068840438029797,0.0031977791821311,0.0,0.0,-0.1927532264834332,0.0895378170996715,0.0,0.0,0,False,True,1762852583.3671966,pid_36328,KL004
15,70,-0.0211700400993032,-0.0005100860415345,0.0,0.0,-1.48190280695123,-0.0357060229074212,0.0,0.0,0,False,True,1762852583.4738593,pid_36328,KL006
15,82,-0.0192823287453582,0.0001583762030163,0.0,-0.0372563131579731,-1.5811509571193725,0.0129868486473443,0.0,-3.0550176789537944,0,False,True,1762852583.5020204,pid_36328,KL003
15,110,-0.0176405270469023,-5.249404753551684e-05,0.0,0.0,-1.9404579751592577,-0.0057743452289068,0.0,0.0,0,False,True,1762852583.5663557,pid_36328,KL002
15,117,-0.0212890821637063,-0.0003790461503608,0.0,-0.0261112622132802,-2.4908226131536404,-0.0443483995922154,0.0,-3.0550176789537944,0,False,True,1762852583.580475,pid_36328,KL001
16,29,-0.0136980665729553,0.0019952698876242,-0.1034482758620689,-0.0258880752859505,-0.3972439306157037,0.0578628267411037,-3.0,-0.7507541832925672,1,False,True,1762852583.6826787,pid_36328,KL005
16,62,-0.0125411988380926,0.0021131982244211,0.0,0.0,-0.7775543279617434,0.1310182899141082,0.0,0.0,0,False,True,1762852583.7788644,pid_36328,KL002
16,72,-0.0186862826458489,0.000800157138261,0.0,0.0,-1.3454123505011246,0.057611313954799,0.0,0.0,0,False,True,1762852583.8087175,pid_36328,KL003
16,74,-0.0224840905542699,-0.0013059844937044,0.0,-0.0177739169095235,-1.6638227010159752,-0.0966428525341273,0.0,-1.3152698513047425,0,False,True,1762852583.8168397,pid_36328,KL004
16,139,-0.0236955000535401,-0.0017073743092606,0.0,-0.0374381404963973,-3.293674507442081,-0.2373250289872368,0.0,-5.2039015289992365,0,False,True,1762852583.9677014,pid_36328,KL001
16,145,-0.0233038385927671,-0.0019389249020621,-0.0206896551724137,-0.0551111457257285,-3.379056595951244,-0.2811441107990142,-3.0,-7.991116130230641,1,False,True,1762852583.98328,pid_36328,KL006
17,44,-0.0047253981015957,0.004312919342446,0.0,0.0,-0.207917516470212,0.1897684510676274,0.0,0.0,0,False,True,1762852584.1379924,pid_36328,KL005
17,85,-0.0127077764615307,0.00286517886171,0.0,0.0,-1.080160999230113,0.2435402032453509,0.0,0.0,0,False,True,1762852584.2600694,pid_36328,KL003
17,91,-0.0163531542853141,0.0009362490070012,-0.0329670329670329,-0.0090539807721398,-1.488137039963587,0.0851986596371116,-3.0,-0.8239122502647241,1,False,True,1762852584.2796094,pid_36328,KL001
17,107,-0.0163304767548602,0.0007267509283535,0.0,0.0,-1.7473610127700483,0.0777623493338269,0.0,0.0,0,False,True,1762852584.318957,pid_36328,KL002
17,126,-0.031454226764921,-0.0047592211726046,-0.0238095238095238,-0.0119264177728471,-3.963232572380052,-0.5996618677481906,-3.0,-1.5027286393787411,1,False,True,1762852584.3674047,pid_36328,KL004
17,145,-0.024368516532162,-0.0022089069945741,-0.0206896551724137,-0.0046814923387173,-3.5334348971634952,-0.320291514213245,-3.0,-0.6788163891140172,1,False,True,1762852584.4110212,pid_36328,KL006
18,88,-0.0221768663937054,-0.0010741507625701,-0.034090909090909,-0.0277330956791608,-1.9515642426460755,-0.0945252671061729,-3.0,-2.440512419766151,1,False,True,1762852584.6928055,pid_36328,KL001
18,89,-0.0236918526615453,-0.0018905019547496,0.0,-0.0197126937689593,-2.10857488687754,-0.1682546739727185,0.0,-1.7544297454373787,0,False,True,1762852584.6961775,pid_36328,KL004
18,92,-0.0178496074252767,0.0006369757451432,-0.0326086956521739,-0.0456373241647121,-1.6421638831254612,0.058601768553179,-3.0,-4.198633823153518,1,False,True,1762852584.7049034,pid_36328,KL003
18,108,-0.0206265706536491,-0.0008289569090329,0.0,-0.001904189102768,-2.227669630594113,-0.0895273461755583,0.0,-0.2056524230989483,0,False,True,1762852584.7430427,pid_36328,KL002
18,110,-0.0284884131755685,-0.0037845694535639,0.0,-0.0018022979494611,-3.133725449312543,-0.4163026398920316,0.0,-0.1982527744407268,0,False,True,1762852584.7479007,pid_36328,KL005
18,131,-0.0285224094763131,-0.0032100112810715,0.0,0.0,-3.736435641397023,-0.4205114778203785,0.0,0.0,0,False,True,1762852584.7961578,pid_36328,KL006
19,36,-0.0135141944709435,0.0020655254192911,0.0,0.0,-0.4865110009539677,0.0743589150944813,0.0,0.0,0,False,True,1762852584.9182813,pid_36328,KL004
19,41,-0.0117506594265213,0.0020292687925237,0.0,0.0,-0.4817770364873739,0.083200020493475,0.0,0.0,0,False,True,1762852584.932984,pid_36328,KL001
19,71,-0.019987755917819,-6.546906125182317e-05,0.0,0.0,-1.4191306701651498,-0.0046483033488794,0.0,0.0,0,False,True,1762852585.0086186,pid_36328,KL005
19,102,-0.0193357221667041,0.0001618534433931,0.0,0.0,-1.972243661003823,0.0165090512261054,0.0,0.0,0,False,True,1762852585.0843756,pid_36328,KL006
19,127,-0.0268841654028363,-0.0031935079545772,0.0,-0.0003292358831553,-3.4142890061602125,-0.4055755102313158,0.0,-0.0418129571607236,0,False,True,1762852585.1405387,pid_36328,KL003
19,131,-0.027838310716548,-0.0034209644475781,0.0,-0.0003191828790894,-3.6468187038677953,-0.4481463426327341,0.0,-0.0418129571607236,0,False,True,1762852585.148809,pid_36328,KL002
20,47,-0.0146929955994298,0.0015386632736843,0.0,0.0,-0.6905707931732007,0.0723171738631628,0.0,0.0,0,False,True,1762852585.2994585,pid_36328,KL003
20,67,-0.0182126428523066,0.0006498631810545,-0.044776119402985,-0.0178831932284142,-1.2202470711045474,0.0435408331306569,-3.0,-1.1981739463037515,1,False,True,1762852585.3573515,pid_36328,KL004
20,110,-0.0214620333707662,-0.0014235386853585,0.0,-0.0006717625950844,-2.360823670784291,-0.1565892553894441,0.0,-0.0738938854592915,0,False,True,1762852585.4716425,pid_36328,KL001
20,139,-0.0228992662780711,-0.0015407491279841,-0.0215827338129496,-0.0052279582380619,-3.182998012651884,-0.2141641287898026,-3.0,-0.7266861950906065,1,False,True,1762852585.5422423,pid_36328,KL005
20,141,-0.0278160892848957,-0.0034338370742574,-0.0212765957446808,-0.0131274202548586,-3.922068589170301,-0.484171027470294,-3.0,-1.850966255935067,1,False,True,1762852585.547611,pid_36328,KL002
20,143,-0.0214682234836461,-0.0014581811776689,0.0,0.0,-3.0699559581614024,-0.2085199084066535,0.0,0.0,0,False,True,1762852585.551634,pid_36328,KL006
21,41,-0.0107161357134566,0.0022503658185959,0.0,0.0,-0.4393615642517245,0.0922649985624344,0.0,0.0,0,False,True,1762852585.6799424,pid_36328,KL004
21,50,-0.0126266628507584,0.0023240492908835,0.0,0.0,-0.6313331425379245,0.1162024645441768,0.0,0.0,0,False,True,1762852585.7045166,pid_36328,KL002
21,50,-0.0121333499043175,0.0023295387923707,0.0,0.0,-0.6066674952158762,0.1164769396185369,0.0,0.0,0,False,True,1762852585.7045166,pid_36328,KL005
21,89,-0.0211677625577707,-0.0006007698933378,0.0,-0.0001365988004206,-1.883930867641592,-0.0534685205070706,0.0,-0.0121572932374374,0,False,True,1762852585.7975702,pid_36328,KL006
21,101,-0.0326567464599631,-0.0050741689436261,0.0,-0.0001203692399746,-3.2983313924562787,-0.5124910633062459,0.0,-0.0121572932374374,0,False,True,1762852585.8244538,pid_36328,KL003
21,162,-0.0298379826569622,-0.0042524264133128,0.0,0.0,-4.833753190427889,-0.6888930789566806,0.0,0.0,0,False,True,1762852585.9485488,pid_36328,KL001
22,71,-0.0167629949542337,0.0007609735270615,0.0,0.0,-1.1901726417505956,0.0540291204213717,0.0,0.0,0,False,True,1762852586.1829252,pid_36328,KL005
22,80,-0.0198540487070772,-0.0006326003605201,0.0,0.0,-1.5883238965661817,-0.0506080288416084,0.0,0.0,0,False,True,1762852586.2080128,pid_36328,KL003
22,87,-0.0270267835254338,-0.0031401136565253,0.0,0.0,-2.3513301667127484,-0.2731898881177067,0.0,0.0,0,False,True,1762852586.226157,pid_36328,KL006
22,93,-0.0292779375815798,-0.0041152065444653,0.0,-0.0050030065495644,-2.7228481950869226,-0.3827142086352785,0.0,-0.4652796091094892,0,False,True,1762852586.24094,pid_36328,KL004
22,132,-0.0198923138320732,-0.0002820990547832,0.0,-0.0035248455235567,-2.625785425833664,-0.0372370752313837,0.0,-0.4652796091094892,0,False,True,1762852586.3259828,pid_36328,KL001
22,150,-0.021538410789086,-0.0007993045129522,0.0,0.0,-3.2307616183629144,-0.1198956769428346,0.0,0.0,0,False,True,1762852586.3658547,pid_36328,KL002
23,51,-0.0143989716883549,0.001944513591789,0.0,0.0,-0.7343475561061032,0.0991701931812418,0.0,0.0,0,False,True,1762852586.5300758,pid_36328,KL001
23,78,-0.0138384035930754,0.0014818141659915,0.0,0.0,-1.0793954802598853,0.1155815049473406,0.0,0.0,0,False,True,1762852586.6103864,pid_36328,KL003
23,86,-0.0245487531672655,-0.0021411022726851,0.0,0.0,-2.1111927723848387,-0.184134795450922,0.0,0.0,0,False,True,1762852586.6339426,pid_36328,KL004
23,88,-0.0284937480757084,-0.003790878135839,0.0,0.0,-2.50744983066234,-0.333597275953839,0.0,0.0,0,False,True,1762852586.638383,pid_36328,KL005
23,94,-0.0251057234669462,-0.0024149280950757,0.0,0.0,-2.359938005892951,-0.2270032409371158,0.0,0.0,0,False,True,1762852586.6524603,pid_36328,KL006
23,142,-0.0262988798647566,-0.0028819811426788,0.0,0.0,-3.734440940795445,-0.4092413222603948,0.0,0.0,0,False,True,1762852586.7495584,pid_36328,KL002
24,53,-0.0177710757754489,0.0008709687816562,0.0,0.0,-0.941867016098796,0.0461613454277806,0.0,0.0,0,False,True,1762852586.9369671,pid_36328,KL004
24,54,-0.017167014210137,0.0012223585372401,0.0,0.0,-0.9270187673474032,0.0660073610109668,0.0,0.0,0,False,True,1762852586.9395995,pid_36328,KL003
24,63,-0.017116404930978,0.0009650832200233,0.0,0.0,-1.0783335106516152,0.060800242861469,0.0,0.0,0,False,True,1762852586.961571,pid_36328,KL006
24,84,-0.023953896829963,-0.0019964855789524,0.0,0.0,-2.012127333716899,-0.1677047886320065,0.0,0.0,0,False,True,1762852587.0153904,pid_36328,KL002
24,93,-0.0216912547523349,-0.0015119492761755,0.0,0.0,-2.017286691967153,-0.1406112826843221,0.0,0.0,0,False,True,1762852587.0356443,pid_36328,KL001
24,104,-0.0226391458708647,-0.0017426904320042,0.0,0.0,-2.3544711705699286,-0.1812398049284412,0.0,0.0,0,False,True,1762852587.058597,pid_36328,KL005
25,23,-0.0019241015958167,0.0030773814244702,0.0,0.0,-0.0442543367037863,0.0707797727628166,0.0,0.0,0,False,True,1762852587.132549,pid_36328,KL002
25,45,-0.0144947186661605,0.0019003310017228,0.0,0.0,-0.6522623399772254,0.0855148950775299,0.0,0.0,0,False,True,1762852587.194922,pid_36328,KL005
25,75,-0.0114664416940994,0.0022088153763727,0.0,-0.0010533257486268,-0.8599831270574593,0.1656611532279587,0.0,-0.0789994311470166,0,False,True,1762852587.2714014,pid_36328,KL006
25,96,-0.0263022492487007,-0.0029170502055183,0.0,-0.0008229107411147,-2.525015927875273,-0.2800368197297621,0.0,-0.0789994311470166,0,False,True,1762852587.3217618,pid_36328,KL001
25,128,-0.0303833747253409,-0.0042849577561499,0.0,0.0,-3.889071964843639,-0.5484745927871988,0.0,0.0,0,False,True,1762852587.390622,pid_36328,KL003
25,147,-0.0278811852402036,-0.0035728856491385,0.0,0.0,-4.098534230309935,-0.5252141904233701,0.0,0.0,0,False,True,1762852587.4294126,pid_36328,KL004
26,26,-0.0101189153442525,0.0024718141431466,0.0,0.0,-0.2630917989505667,0.064267167721813,0.0,0.0,0,False,True,1762852587.5189226,pid_36328,KL006
26,63,-0.0233245982791963,-0.0012346437770751,0.0,0.0,-1.4694496915893684,-0.0777825579557352,0.0,0.0,0,False,True,1762852587.6212633,pid_36328,KL004
26,65,-0.0215531848907711,-0.0006898423810353,0.0,0.0,-1.4009570179001274,-0.0448397547672998,0.0,0.0,0,False,True,1762852587.6259131,pid_36328,KL005
26,68,-0.0157873219709409,0.0014884724984457,0.0,0.0,-1.0735378940239833,0.1012161298943106,0.0,0.0,0,False,True,1762852587.634194,pid_36328,KL001
26,72,-0.0195885708095586,-0.0002402206178598,-0.0416666666666666,-0.0117907041231419,-1.4103770982882244,-0.0172958844859058,-3.0,-0.8489306968662179,1,False,True,1762852587.642143,pid_36328,KL003
26,132,-0.0194781116711913,2.5046268981512936e-05,-0.0227272727272727,-0.0064312931580774,-2.5711107405972635,0.0033061075055597,-3.0,-0.8489306968662179,1,False,True,1762852587.764319,pid_36328,KL002
27,72,-0.0209826701066874,-0.0005815290056224,0.0,0.0,-1.5107522476814927,-0.0418700884048192,0.0,0.0,0,False,True,1762852587.9975605,pid_36328,KL003
27,82,-0.0249735609175226,-0.0024603360880935,0.0,-0.0083040339462749,-2.0478319952368587,-0.2017475592236711,0.0,-0.680930783594548,0,False,True,1762852588.025074,pid_36328,KL002
27,86,-0.0075477374014909,0.0040111071768993,0.0,-0.0079177998092389,-0.6491054165282206,0.3449552172133398,0.0,-0.680930783594548,0,False,True,1762852588.0350738,pid_36328,KL006
27,104,-0.0095235206076965,0.0037011959507445,0.0,-0.0325994570176968,-0.9904461432004368,0.3849243788774288,0.0,-3.3903435298404685,0,False,True,1762852588.0788658,pid_36328,KL001
27,117,-0.0233420706076879,-0.0014533834848574,0.0,-0.0027904075902428,-2.7310222610994868,-0.1700458677283234,0.0,-0.3264776880584136,0,False,True,1762852588.115406,pid_36328,KL005
27,131,-0.030198019864829,-0.0040945485111942,0.0,-0.0258804849606142,-3.9559406022926025,-0.5363858549664476,0.0,-3.3903435298404685,0,False,True,1762852588.155179,pid_36328,KL004
28,41,-0.0153990980402256,0.0017518918465851,0.0,0.0,-0.631363019649253,0.0718275657099899,0.0,0.0,0,False,True,1762852588.2950428,pid_36328,KL004
28,54,-0.0139094980647146,0.0019478489342877,-0.0555555555555555,-0.0270345544569789,-0.7511128954945904,0.1051838424515396,-3.0,-1.4598659406768644,1,False,True,1762852588.330009,pid_36328,KL003
28,69,-0.0205702025828108,-0.0002823756566813,0.0,0.0,-1.4193439782139488,-0.0194839203110157,0.0,0.0,0,False,True,1762852588.370972,pid_36328,KL005
28,76,-0.0165477687006508,0.0010136390409988,-0.0394736842105263,-0.0192087623773271,-1.2576304212494624,0.0770365671159095,-3.0,-1.4598659406768644,1,False,True,1762852588.3874424,pid_36328,KL002
28,110,-0.0213429373334883,-0.0010061787908366,0.0,0.0,-2.3477231066837225,-0.1106796669920299,0.0,0.0,0,False,True,1762852588.462489,pid_36328,KL001
28,121,-0.0216725782460547,-0.0013516163890437,0.0,0.0,-2.62238196777262,-0.1635455830742885,0.0,0.0,0,False,True,1762852588.4857187,pid_36328,KL006
29,24,-0.0068398004946847,0.0033649938816172,0.0,0.0,-0.1641552118724337,0.0807598531588145,0.0,0.0,0,False,True,1762852588.56522,pid_36328,KL005
29,49,-0.0113431340962186,0.0028741543751172,0.0,0.0,-0.5558135707147142,0.1408335643807449,0.0,0.0,0,False,True,1762852588.6480913,pid_36328,KL001
29,61,-0.0143842423153742,0.001512193376684,0.0,0.0,-0.8774387812378269,0.0922437959777259,0.0,0.0,0,False,True,1762852588.6783392,pid_36328,KL003
29,68,-0.0197825162905802,-0.0002808181458124,0.0,0.0,-1.3452111077594575,-0.0190956339152434,0.0,0.0,0,False,True,1762852588.698847,pid_36328,KL002
29,72,-0.0190579093295793,0.0005088936160842,0.0,0.0,-1.3721694717297153,0.0366403403580637,0.0,0.0,0,False,True,1762852588.7093592,pid_36328,KL004
29,145,-0.0213374036188888,-0.0008437418159701,0.0,0.0,-3.093923524738876,-0.1223425633156646,0.0,0.0,0,False,True,1762852588.8785634,pid_36328,KL006
30,19,-0.0074314307676446,0.0027931432115852,0.0,0.0,-0.1411971845852476,0.0530697210201191,0.0,0.0,0,False,True,1762852588.9448173,pid_36328,KL005
30,69,-0.0186080708825324,0.0003503529837396,-0.0434782608695652,-0.0105768976753188,-1.2839568908947392,0.0241743558780354,-3.0,-0.7298059395970011,1,False,True,1762852589.0957756,pid_36328,KL004
30,72,-0.0161087159597672,0.0010024539001972,0.0,0.0,-1.1598275491032402,0.0721766808142012,0.0,0.0,0,False,True,1762852589.1030433,pid_36328,KL001
30,121,-0.0206980234268141,-0.0012526163678739,0.0,0.0,-2.5044608346445143,-0.1515665805127429,0.0,0.0,0,False,True,1762852589.2228866,pid_36328,KL006
30,128,-0.03199916629346,-0.0050384757489658,0.0,0.0,-4.095893285562884,-0.6449248958676305,0.0,0.0,0,False,True,1762852589.241176,pid_36328,KL003
30,139,-0.0273993345958911,-0.0036114147644895,-0.0215827338129496,-0.0052504024431438,-3.808507508828873,-0.5019866522640469,-3.0,-0.7298059395970011,1,False,True,1762852589.266534,pid_36328,KL002
7,326,-0.0024384900617563,-0.0009806325333004,0.0,0.0,-0.7949477601325728,-0.3196862058559571,0.0,0.0,0,False,True,1762852589.2730336,pid_39568,KL002
