episode_index,steps,mean_reward_drift,mean_reward_progress,mean_reward_intrusion,sum_reward_drift,sum_reward_progress,sum_reward_intrusion,pid,agent
1,49,-0.2039782890148972,-0.0067751931575101,-0.0408163265306122,-9.994936161729967,-0.3319844647179951,-2.0,pid_1008,KL001
2,27,-0.1151122173146469,0.0079303767529591,0.0,-3.108029867495469,0.2141201723298981,0.0,pid_1008,KL001
3,200,-0.1679584704766417,-0.0017602853355156,-0.01,-33.59169409532836,-0.3520570671031262,-2.0,pid_1008,KL001
4,112,-0.13533081085289,0.0047350008948096,0.0,-15.15705081552368,0.5303201002186841,0.0,pid_1008,KL001
5,80,-0.1051098169352879,0.0095425190378691,-0.0125,-8.408785354823038,0.7634015230295323,-1.0,pid_1008,KL001
1,15,-0.150005679536716,0.001772199763972,0.0,-2.250085193050741,0.0265829964595801,0.0,pid_11648,KL001
2,6,-0.1204032046825936,0.0111888654487951,0.0,-0.722419228095562,0.0671331926927706,0.0,pid_11648,KL001
3,15,-0.1891165160879446,-0.0048390368450054,-0.0666666666666666,-2.83674774131917,-0.0725855526750818,-1.0,pid_11648,KL001
4,28,-0.0946558405940351,0.0112169552442854,0.0,-2.650363536632983,0.3140747468399925,0.0,pid_11648,KL001
5,39,-0.2113611923039242,-0.0093811404094802,0.0,-8.243086499853046,-0.3658644759697294,0.0,pid_11648,KL001
6,36,-0.1329056151371669,0.0047954604669894,-0.1111111111111111,-4.78460214493801,0.1726365768116197,-4.0,pid_11648,KL001
7,35,-0.1597584340361821,-0.0009472780433761,-0.0285714285714285,-5.591545191266374,-0.0331547315181638,-1.0,pid_11648,KL001
8,60,-0.1392958121942221,0.0037285788960377,-0.0333333333333333,-8.35774873165333,0.2237147337622623,-2.0,pid_11648,KL001
1,75,-0.1237837661698585,0.0065314180759367,0.0,-9.283782462739392,0.4898563556952588,0.0,pid_18076,KL001
2,3,-0.1453000858395632,0.0126213345563319,0.0,-0.4359002575186896,0.0378640036689959,0.0,pid_18076,KL001
3,6,-0.1378034472190804,0.007532197771128,0.0,-0.8268206833144829,0.0451931866267681,0.0,pid_18076,KL001
4,3,-0.123832720769979,0.0126461675845988,0.0,-0.3714981623099371,0.0379385027537964,0.0,pid_18076,KL001
5,22,-0.0791156330692028,0.0155863276916322,0.0,-1.7405439275224623,0.3428992092159096,0.0,pid_18076,KL001
6,45,-0.0925899861602872,0.0125845545145248,-0.0444444444444444,-4.166549377212927,0.5663049531536201,-2.0,pid_18076,KL001
1,45,-0.1817637956635971,-0.003842573249651,0.0,-8.179370804861874,-0.1729157962342959,0.0,pid_19340,KL001
1,13,-0.1662671102614897,-0.0009259119927709,0.0,-2.161472433399367,-0.0120368559060229,0.0,pid_23452,KL001
2,8,-0.1549625859465658,0.0035983643933515,0.0,-1.2397006875725265,0.028786915146812,0.0,pid_23452,KL001
3,131,-0.1452738277102023,0.0023477560392996,-0.0229007633587786,-19.030871430036505,0.3075560411482514,-3.0,pid_23452,KL001
1,32,-0.1899196171072867,-0.0049705476555929,-0.03125,-6.077427747433174,-0.1590575249789753,-1.0,pid_31448,KL001
2,60,-0.1518919013021335,0.0018363947402249,-0.0166666666666666,-9.113514078128016,0.1101836844134975,-1.0,pid_31448,KL001
3,4,-0.0981440826266565,0.0161568459910839,0.0,-0.3925763305066261,0.0646273839643358,0.0,pid_31448,KL001
4,5,-0.0631842073019365,0.020850432481831,0.0,-0.3159210365096828,0.1042521624091551,0.0,pid_31448,KL001
5,7,-0.1546375379561955,0.0031373644828905,0.0,-1.0824627656933683,0.0219615513802337,0.0,pid_31448,KL001
6,17,-0.0599453481449353,0.0169707127342375,0.0,-1.0190709184639009,0.2885021164820378,0.0,pid_31448,KL001
7,5,-0.1532995685420818,0.0045296592541382,0.0,-0.766497842710409,0.0226482962706911,0.0,pid_31448,KL001
8,36,-0.0761546520673666,0.0156786993860626,-0.0277777777777777,-2.7415674744251985,0.5644331778982552,-1.0,pid_31448,KL001
9,66,-0.1121376316395184,0.0082071217388692,0.0,-7.401083688208216,0.5416700347653698,0.0,pid_31448,KL001
1,24,-0.1161394306703665,0.0079112793852503,0.0,-2.7873463360887976,0.1898707052460081,0.0,pid_32180,KL001
2,23,-0.1698430280065298,-0.002090551697432,0.0,-3.9063896441501855,-0.048082689040936,0.0,pid_32180,KL001
3,53,-0.1079225753298248,0.0098173726817233,-0.0566037735849056,-5.719896492480718,0.520320752131338,-3.0,pid_32180,KL001
4,22,-0.1403488637203286,0.0052826728294582,0.0,-3.087675001847229,0.1162188022480814,0.0,pid_32180,KL001
5,62,-0.1797662788843961,-0.0032967491680982,0.0,-11.14550929083256,-0.2043984484220926,0.0,pid_32180,KL001
6,45,-0.1630869259810657,-0.0006079769411542,0.0,-7.338911669147959,-0.02735896235194,0.0,pid_32180,KL001
1,5,-0.064816229880398,0.0202055409742234,0.0,-0.3240811494019899,0.1010277048711171,0.0,pid_34036,KL001
2,3,-0.134301920465535,0.0132533974202455,0.0,-0.4029057613966052,0.0397601922607366,0.0,pid_34036,KL001
3,19,-0.1689373686947229,-0.0007342503560704,0.0,-3.209810005199735,-0.0139507567653391,0.0,pid_34036,KL001
4,2,-0.1699911217233699,0.013513066875463,0.0,-0.3399822434467399,0.027026133750926,0.0,pid_34036,KL001
5,126,-0.1708058047132169,-0.0010656546355126,-0.0158730158730158,-21.521531393865335,-0.1342724840745909,-2.0,pid_34036,KL001
6,79,-0.1487761689559663,0.001944812814037,0.0,-11.75331734752134,0.1536402123089283,0.0,pid_34036,KL001
1,23,-0.1650670411452384,-0.0003222504541096,0.0,-3.796541946340484,-0.007411760444522,0.0,pid_36744,KL001
2,9,-0.1255733232615268,0.0095609804195454,0.0,-1.1301599093537418,0.0860488237759094,0.0,pid_36744,KL001
3,39,-0.2049354939000407,-0.0075307639866381,0.0,-7.992484262101589,-0.2936997954788881,0.0,pid_36744,KL001
4,16,-0.0879652676060409,0.0146075574856382,0.0,-1.4074442816966548,0.2337209197702124,0.0,pid_36744,KL001
5,14,-0.1836901476322088,-0.003657897598948,0.0,-2.571662066850924,-0.0512105663852725,0.0,pid_36744,KL001
6,78,-0.1604487284628868,-0.0010461776753133,0.0,-12.515000820105175,-0.0816018586744399,0.0,pid_36744,KL001
1,11,-0.0607295422837093,0.0196380289766722,0.0,-0.6680249651208026,0.2160183187433952,0.0,pid_41652,KL001
2,47,-0.1455400336803713,0.0035508069189059,0.0,-6.840381582977453,0.1668879251885812,0.0,pid_41652,KL001
3,84,-0.1726461331044154,-0.0012205547895648,0.0,-14.502275180770896,-0.1025266023234503,0.0,pid_41652,KL001
4,55,-0.149865371947306,0.0021265337282319,0.0,-8.24259545710183,0.116959355052757,0.0,pid_41652,KL001
5,9,-0.1055059312682635,0.0118512322783579,0.0,-0.9495533814143718,0.1066610905052217,0.0,pid_41652,KL001
6,22,-0.0812210647085488,0.0152915660789604,0.0,-1.786863423588074,0.3364144537371302,0.0,pid_41652,KL001
7,17,-0.1143530581028577,0.0095169569031881,0.0,-1.9440019877485808,0.1617882673541992,0.0,pid_41652,KL001
8,27,-0.1474284316131146,0.0020434495667992,-0.037037037037037,-3.980567653554096,0.0551731383035806,-1.0,pid_41652,KL001
9,41,-0.1748049425401528,-0.0023135616973314,0.0,-7.167002644146267,-0.094856029590591,0.0,pid_41652,KL001
1,23,-0.1168621294102124,0.0087736245905671,0.0,-2.687828976434886,0.2017933655830437,0.0,pid_43192,KL001
2,35,-0.0893654608289356,0.0135021399523778,0.0,-3.127791129012747,0.4725748983332257,0.0,pid_43192,KL001
3,37,-0.2222082802970992,-0.0095114520283625,0.0,-8.221706370992672,-0.3519237250494152,0.0,pid_43192,KL001
4,79,-0.1797654054929667,-0.0037848222839605,0.0,-14.201467033944374,-0.2990009604328854,0.0,pid_43192,KL001
1,24,-0.2154429754842698,-0.0095381770116089,0.0,-5.170631411622476,-0.2289162482786142,0.0,pid_46344,KL001
2,20,-0.1735188027548184,-0.0024135258769747,0.0,-3.470376055096368,-0.0482705175394957,0.0,pid_46344,KL001
3,44,-0.1057675469842205,0.0088096918668956,-0.0909090909090909,-4.653772067305704,0.3876264421434089,-4.0,pid_46344,KL001
4,39,-0.2242699716592416,-0.0112743010081187,0.0,-8.746528894710423,-0.4396977393166319,0.0,pid_46344,KL001
5,36,-0.1100318178179742,0.0096285194190591,0.0,-3.961145441447072,0.3466266990861305,0.0,pid_46344,KL001
6,48,-0.0779263328282294,0.0149337005240616,-0.0416666666666666,-3.740463975755015,0.7168176251549585,-2.0,pid_46344,KL001
7,8,-0.1141351292465736,0.0097887284354324,0.0,-0.9130810339725892,0.0783098274834596,0.0,pid_46344,KL001
8,41,-0.1751345143814903,-0.0026782465200634,0.0,-7.180515089641105,-0.1098081073226017,0.0,pid_46344,KL001
9,35,-0.0920430357073903,0.0132930462957462,0.0,-3.2215062497586637,0.4652566203511203,0.0,pid_46344,KL001
1,34,-0.0813452411491193,0.0137120857203424,0.0,-2.7657381990700585,0.4662109144916426,0.0,pid_46668,KL001
2,18,-0.2195984511424714,-0.0082383543625005,0.0,-3.952772120564487,-0.1482903785250103,0.0,pid_46668,KL001
3,18,-0.0776429103857893,0.0166683786980235,0.0,-1.3975723869442085,0.3000308165644245,0.0,pid_46668,KL001
4,16,-0.1943276646318351,-0.0065886317953186,0.0,-3.109242634109362,-0.1054181087250978,0.0,pid_46668,KL001
5,173,-0.1380009045503366,0.0037695388190524,-0.0173410404624277,-23.87415648720824,0.6521302156960699,-3.0,pid_46668,KL001
1,148,-0.1601502410516464,-0.000592216713715,0.0,-23.702235675643674,-0.0876480736298327,0.0,pid_9800,KL001
2,6,-0.0850682630459957,0.0167031571415072,0.0,-0.5104095782759743,0.1002189428490436,0.0,pid_9800,KL001
3,26,-0.1392123255581433,0.0056822386059927,0.0,-3.619520464511727,0.1477382037558118,0.0,pid_9800,KL001
1,78,-0.1374407562896345,0.0036278090907894,-0.0256410256410256,-10.720378990591495,0.2829691090815758,-2.0,pid_1008,KL002
2,103,-0.1396478194269503,0.0034573225031492,-0.0097087378640776,-14.383725400975878,0.3561042178243694,-1.0,pid_1008,KL002
1,17,-0.1366392014405012,0.0059345251845638,0.0,-2.322866424488521,0.1008869281375856,0.0,pid_11648,KL002
2,20,-0.1750230045473662,-0.0022763070936495,0.0,-3.5004600909473256,-0.0455261418729914,0.0,pid_11648,KL002
3,5,-0.1121709074795555,0.0143708145788935,0.0,-0.5608545373977777,0.0718540728944677,0.0,pid_11648,KL002
4,51,-0.0981413156068961,0.00925434332884,0.0,-5.005207095951703,0.4719715097708405,0.0,pid_11648,KL002
5,98,-0.1670179404552164,-0.0021139082362067,0.0,-16.36775816461121,-0.207163007148262,0.0,pid_11648,KL002
1,18,-0.1224073358726457,0.0069447172053148,-0.1111111111111111,-2.203332045707623,0.1250049096956682,-2.0,pid_17420,KL002
2,69,-0.1546412477309957,0.0013217245228392,0.0,-10.670246093438704,0.0911989920759054,0.0,pid_17420,KL002
3,44,-0.1693095119728385,-0.0015802464102744,-0.2727272727272727,-7.449618526804895,-0.0695308420520741,-12.0,pid_17420,KL002
4,52,-0.210443153127316,-0.0082248907189134,0.0,-10.943043962620436,-0.4276943173835005,0.0,pid_17420,KL002
5,15,-0.1164248306819016,0.0106630988043177,-0.0666666666666666,-1.746372460228525,0.1599464820647663,-1.0,pid_17420,KL002
6,18,-0.1057458143180014,0.0119878966326586,0.0,-1.9034246577240264,0.2157821393878561,0.0,pid_17420,KL002
7,23,-0.1686093694371082,-0.0011900682178897,0.0,-3.8780154970534895,-0.0273715690114649,0.0,pid_17420,KL002
8,18,-0.0859052421487036,0.0141523888637903,0.0,-1.5462943586766649,0.2547429995482255,0.0,pid_17420,KL002
9,56,-0.1326577161510235,0.0048708232932208,0.0,-7.428832104457319,0.2727661044203649,0.0,pid_17420,KL002
10,23,-0.2146700484945982,-0.0099600203735757,-0.0869565217391304,-4.93741111537576,-0.2290804685922423,-2.0,pid_17420,KL002
1,71,-0.1895898977959542,-0.0048975299162872,0.0,-13.460882743512748,-0.3477246240563951,0.0,pid_18076,KL002
2,118,-0.185205708308926,-0.0034450131845603,-0.0084745762711864,-21.85427358045328,-0.4065115557781169,-1.0,pid_18076,KL002
3,48,-0.2030638544713485,-0.0075913941020827,0.0,-9.747065014624727,-0.3643869168999736,0.0,pid_18076,KL002
4,22,-0.1480627377213883,0.0025648128264758,0.0,-3.257380229870543,0.0564258821824691,0.0,pid_18076,KL002
5,57,-0.1144880514365354,0.0082441084641374,0.0,-6.5258189318825215,0.4699141824558358,0.0,pid_18076,KL002
1,28,-0.1182439892893541,0.0087858213278164,0.0,-3.310831700101915,0.2460029971788617,0.0,pid_19340,KL002
2,4,-0.1210184316517732,0.0127175521564745,0.0,-0.4840737266070929,0.0508702086258981,0.0,pid_19340,KL002
3,19,-0.1534842043557354,0.0022803212253912,0.0,-2.9161998827589724,0.0433261032824333,0.0,pid_19340,KL002
4,15,-0.1659823430071783,-0.0009969504767084,0.0,-2.4897351451076752,-0.0149542571506264,0.0,pid_19340,KL002
5,129,-0.1396179008045223,0.0042569021561403,-0.0077519379844961,-18.01070920378338,0.5491403781420995,-1.0,pid_19340,KL002
1,9,-0.2246882035549422,-0.0102283428621114,0.0,-2.02219383199448,-0.0920550857590031,0.0,pid_23452,KL002
2,11,-0.1502734376566826,0.0040466626259337,0.0,-1.6530078142235087,0.0445132888852711,0.0,pid_23452,KL002
3,15,-0.2013449720453295,-0.0063434670229052,0.0,-3.020174580679943,-0.0951520053435793,0.0,pid_23452,KL002
4,16,-0.0965646733497579,0.0126211159801413,0.0,-1.5450347735961274,0.2019378556822618,0.0,pid_23452,KL002
5,8,-0.1192523222492536,0.0128753613537351,0.0,-0.9540185779940294,0.1030028908298811,0.0,pid_23452,KL002
6,21,-0.0951299619098182,0.0132517442595196,0.0,-1.997729200106184,0.2782866294499131,0.0,pid_23452,KL002
7,49,-0.1085483939758259,0.0090189165103672,-0.0204081632653061,-5.31887130481547,0.4419269090079963,-1.0,pid_23452,KL002
1,73,-0.1454903082592828,0.003277604913072,0.0,-10.620792502927644,0.2392651586542603,0.0,pid_28052,KL002
2,27,-0.1144881081095916,0.0061247044968713,-0.037037037037037,-3.091178918958976,0.165367021415526,-1.0,pid_28052,KL002
3,52,-0.1557721567778774,0.0009294799722451,0.0,-8.100152152449628,0.0483329585567496,0.0,pid_28052,KL002
4,125,-0.1453295253484475,0.0023913590027589,-0.008,-18.166190668555945,0.2989198753448748,-1.0,pid_28052,KL002
5,72,-0.1925974632999979,-0.0047867775236501,-0.0277777777777777,-13.86701735759985,-0.3446479817028142,-2.0,pid_28052,KL002
1,34,-0.2174107809402388,-0.0103227729928481,0.0,-7.39196655196812,-0.3509742817568376,0.0,pid_31448,KL002
2,54,-0.2015694991636583,-0.0067796883208887,-0.0185185185185185,-10.88475295483755,-0.3661031693279918,-1.0,pid_31448,KL002
3,6,-0.0760091576467643,0.0197184489707513,0.0,-0.4560549458805859,0.1183106938245083,0.0,pid_31448,KL002
4,67,-0.1325667109261727,0.0046659336074187,0.0,-8.881969632053574,0.3126175516970582,0.0,pid_31448,KL002
5,22,-0.0890989555898163,0.0141303762149032,0.0,-1.9601770229759592,0.3108682767278716,0.0,pid_31448,KL002
6,35,-0.137819073169548,0.0031466722990644,0.0,-4.82366756093418,0.110133530467255,0.0,pid_31448,KL002
1,153,-0.1531836566215422,0.0008531853142145,0.0,-23.43709946309596,0.1305373530748223,0.0,pid_32180,KL002
2,44,-0.0764041641797079,0.01390326600898,-0.0454545454545454,-3.3617832239071497,0.6117437043951236,-2.0,pid_32180,KL002
3,31,-0.162468666816979,-0.0002164133583956,-0.0967741935483871,-5.036528671326349,-0.0067088141102661,-3.0,pid_32180,KL002
4,108,-0.1537407031340243,0.0001996709844525,-0.037037037037037,-16.60399593847463,0.0215644663208784,-4.0,pid_32180,KL002
1,55,-0.1547154987519018,0.0011116583089302,0.0,-8.509352431354603,0.0611412069911664,0.0,pid_34036,KL002
2,95,-0.1218832106295865,0.0069634786153139,0.0,-11.578905009810722,0.6615304684548258,0.0,pid_34036,KL002
1,26,-0.0969095835629806,0.0128496812169061,0.0,-2.5196491726374965,0.3340917116395588,0.0,pid_36744,KL002
2,7,-0.1071049691012477,0.0120938534530369,0.0,-0.7497347837087345,0.0846569741712585,0.0,pid_36744,KL002
3,40,-0.1693447408948952,-0.0005622455179691,-0.025,-6.7737896357958105,-0.0224898207187645,-1.0,pid_36744,KL002
4,21,-0.1777085309578026,-0.0033346238074514,0.0,-3.731879150113856,-0.0700270999564812,0.0,pid_36744,KL002
5,47,-0.1520482414531522,0.0021541965288148,0.0,-7.146267348298155,0.1012472368542956,0.0,pid_36744,KL002
6,36,-0.0970753798157182,0.0123568664750784,0.0,-3.4947136733658555,0.4448471931028241,0.0,pid_36744,KL002
7,40,-0.0806308489491203,0.0153297593710116,0.0,-3.225233957964813,0.6131903748404655,0.0,pid_36744,KL002
8,29,-0.1811258876325424,-0.0027425121302746,0.0,-5.25265074134373,-0.0795328517779637,0.0,pid_36744,KL002
9,63,-0.1958757602355922,-0.0067287698654377,0.0,-12.34017289484231,-0.4239125015225761,0.0,pid_36744,KL002
10,84,-0.1278873869717981,0.0056494959923924,0.0,-10.742540505631045,0.4745576633609685,0.0,pid_36744,KL002
1,37,-0.2181940628625496,-0.0105244227426112,0.0,-8.073180325914338,-0.3894036414766166,0.0,pid_41652,KL002
2,22,-0.0981339739989136,0.0115224901514599,0.0,-2.1589474279761003,0.2534947833321195,0.0,pid_41652,KL002
3,19,-0.1496918214192625,0.003392542767351,0.0,-2.844144606965989,0.0644583125796701,0.0,pid_41652,KL002
4,14,-0.0930139301181162,0.0118918771402767,0.0,-1.3021950216536275,0.1664862799638742,0.0,pid_41652,KL002
5,30,-0.1504915935224367,0.0014754882541749,0.0,-4.514747805673101,0.0442646476252471,0.0,pid_41652,KL002
6,12,-0.1884368132642542,-0.0029693727573392,-0.1666666666666666,-2.261241759171051,-0.0356324730880708,-2.0,pid_41652,KL002
7,104,-0.1482693859449391,0.0025898874620281,0.0,-15.420016138273676,0.2693482960509302,0.0,pid_41652,KL002
1,8,-0.210023409330898,-0.0071181153004922,0.0,-1.6801872746471842,-0.0569449224039381,0.0,pid_43192,KL002
2,53,-0.1774040164044194,-0.002541164106215,0.0,-9.40241286943423,-0.1346816976293987,0.0,pid_43192,KL002
3,14,-0.1824015632947479,-0.0036407693680331,-0.0714285714285714,-2.5536218861264715,-0.0509707711524634,-1.0,pid_43192,KL002
4,18,-0.1705770807324611,-0.0005382159503065,0.0,-3.0703874531843005,-0.0096878871055171,0.0,pid_43192,KL002
5,34,-0.2242728947157939,-0.0108683860945909,0.0,-7.625278420336995,-0.3695251272160906,0.0,pid_43192,KL002
6,5,-0.0471230992432555,0.0212684075461581,0.0,-0.2356154962162779,0.1063420377307909,0.0,pid_43192,KL002
7,9,-0.1552295708735354,0.0027112196251533,0.0,-1.3970661378618188,0.0244009766263798,0.0,pid_43192,KL002
8,101,-0.1457316584153628,0.0022818548151983,-0.0099009900990099,-14.71889749995165,0.2304673363350283,-1.0,pid_43192,KL002
1,2,-0.1732240105267773,0.0102161156508555,0.0,-0.3464480210535546,0.0204322313017111,0.0,pid_44300,KL002
2,11,-0.187701801092094,-0.0038470170889962,-0.4545454545454545,-2.064719812013035,-0.0423171879789586,-5.0,pid_44300,KL002
3,7,-0.150977683580047,0.0049841545512609,0.0,-1.0568437850603294,0.0348890818588263,0.0,pid_44300,KL002
4,5,-0.1701595945891846,0.000866042662153,0.0,-0.850797972945923,0.0043302133107654,0.0,pid_44300,KL002
5,52,-0.1429530770061735,0.0024372152230395,-0.0192307692307692,-7.433560004321026,0.1267351915980556,-1.0,pid_44300,KL002
6,43,-0.1252492954415674,0.0059905456352675,-0.0465116279069767,-5.3857197039874,0.2575934623165067,-2.0,pid_44300,KL002
7,36,-0.1499552204802069,0.0022110875259352,0.0,-5.39838793728745,0.0795991509336691,0.0,pid_44300,KL002
8,75,-0.1683016065901574,-0.0008769251621291,-0.0133333333333333,-12.622620494261808,-0.0657693871596897,-1.0,pid_44300,KL002
9,119,-0.1454659870937023,0.0030530561262738,-0.0252100840336134,-17.31045246415058,0.3633136790265859,-3.0,pid_44300,KL002
1,40,-0.1959118507957853,-0.006217191703121,0.0,-7.836474031831412,-0.2486876681248425,0.0,pid_46344,KL002
2,79,-0.1564040667552827,0.0003927109776061,0.0,-12.355921273667338,0.0310241672308879,0.0,pid_46344,KL002
3,11,-0.1117251828231452,0.0100635028073277,0.0,-1.2289770110545972,0.1106985308806047,0.0,pid_46344,KL002
4,50,-0.1017606721482389,0.0100643747303187,0.0,-5.088033607411948,0.5032187365159357,0.0,pid_46344,KL002
5,2,-0.1764487992196919,0.0096400027820234,0.0,-0.3528975984393839,0.0192800055640468,0.0,pid_46344,KL002
6,58,-0.1685006630187356,-0.0019182230615825,0.0,-9.773038455086663,-0.1112569375717877,0.0,pid_46344,KL002
1,54,-0.2088483943595269,-0.0083842272105703,-0.0185185185185185,-11.277813295414454,-0.4527482693707995,-1.0,pid_46668,KL002
1,81,-0.15261320869151,-0.0010338500327136,0.0,-12.361669904012311,-0.0837418526498035,0.0,pid_6784,KL002
2,21,-0.173463956299604,-0.0021171135081793,0.0,-3.642743082291685,-0.0444593836717669,0.0,pid_6784,KL002
3,61,-0.1606531539037823,0.0004976969228927,-0.0163934426229508,-9.79984238813072,0.0303595122964566,-1.0,pid_6784,KL002
4,61,-0.1460722840751978,0.0025801656169239,0.0,-8.910409328587068,0.1573901026323634,0.0,pid_6784,KL002
5,7,-0.0962451434235138,0.014208407806331,0.0,-0.6737160039645966,0.0994588546443175,0.0,pid_6784,KL002
6,156,-0.1624618932757374,-0.0006606192244009,-0.0128205128205128,-25.344055351015044,-0.1030565990065531,-2.0,pid_6784,KL002
1,32,-0.0992136554432304,0.010922556474464,0.0,-3.1748369741833726,0.3495218071828506,0.0,pid_11648,KL003
2,24,-0.2269343757534782,-0.0121918939341364,0.0,-5.446425018083477,-0.2926054544192754,0.0,pid_11648,KL003
3,36,-0.1456955637869711,0.0028375708810588,-0.0555555555555555,-5.245040296330959,0.1021525517181184,-2.0,pid_11648,KL003
4,79,-0.1582582662954688,0.0006136677604776,0.0,-12.50240303734204,0.048479753077738,0.0,pid_11648,KL003
5,8,-0.0766587240454111,0.0177419990888544,0.0,-0.6132697923632889,0.1419359927108353,0.0,pid_11648,KL003
6,19,-0.0617880109712951,0.0178808853963945,0.0,-1.1739722084546074,0.3397368225314955,0.0,pid_11648,KL003
7,82,-0.2099336791271767,-0.008170373574594,0.0,-17.21456168842849,-0.6699706331167143,0.0,pid_11648,KL003
8,5,-0.1450428372675645,0.0062513119173862,0.0,-0.7252141863378225,0.0312565595869314,0.0,pid_11648,KL003
9,69,-0.147991626659978,0.0023695988588839,0.0,-10.211422239538482,0.1635023212629953,0.0,pid_11648,KL003
1,78,-0.191651230657764,-0.005474134729832,-0.0256410256410256,-14.948795991305596,-0.426982508926899,-2.0,pid_17420,KL003
1,45,-0.1778352374077531,-0.0034036714871267,0.0,-8.002585683348892,-0.153165216920704,0.0,pid_19340,KL003
1,61,-0.1670257174787184,-0.0003095367895571,0.0,-10.188568766201824,-0.0188817441629869,0.0,pid_23452,KL003
2,10,-0.1032268643611944,0.0112292726568967,0.0,-1.032268643611944,0.1122927265689672,0.0,pid_23452,KL003
3,71,-0.1585457041344724,-0.0001285045701895,-0.028169014084507,-11.256744993547544,-0.0091238244834566,-2.0,pid_23452,KL003
4,87,-0.1362124890889113,0.0022413332080463,0.0,-11.850486550735283,0.1949959891000314,0.0,pid_23452,KL003
5,37,-0.1907766959339879,-0.0050511251732081,0.0,-7.058737749557554,-0.186891631408701,0.0,pid_23452,KL003
1,109,-0.1733029007456295,-0.0027454744197598,0.0,-18.890016181273623,-0.2992567117538203,0.0,pid_28052,KL003
2,21,-0.0589330129929684,0.0182786789710849,0.0,-1.2375932728523371,0.3838522583927845,0.0,pid_28052,KL003
3,186,-0.1621118555443506,-0.0010592558835135,0.0,-30.152805131249227,-0.1970215943335144,0.0,pid_28052,KL003
1,38,-0.1549710055831874,0.0021460945946026,-0.0263157894736842,-5.888898212161122,0.0815515945949001,-1.0,pid_31448,KL003
2,71,-0.2180195625533975,-0.0071004191039028,-0.0140845070422535,-15.479388941291225,-0.5041297563771032,-1.0,pid_31448,KL003
1,3,-0.1149533738487364,0.0152834552273675,0.0,-0.3448601215462094,0.0458503656821027,0.0,pid_36744,KL003
2,20,-0.1447565325071187,0.0035392849703275,0.0,-2.8951306501423755,0.0707856994065517,0.0,pid_36744,KL003
3,5,-0.0831878148649014,0.0164514271993836,0.0,-0.415939074324507,0.0822571359969182,0.0,pid_36744,KL003
4,43,-0.1968041250944334,-0.0067185244187392,0.0,-8.462577379060637,-0.2888965500057861,0.0,pid_36744,KL003
5,53,-0.0997219802289048,0.0103184679739689,0.0,-5.285264952131954,0.546878802620355,0.0,pid_36744,KL003
1,7,-0.1077184964507848,0.0106277233677845,0.0,-0.754029475155494,0.0743940635744916,0.0,pid_41652,KL003
2,8,-0.0998007223807574,0.0128148308704922,0.0,-0.7984057790460592,0.1025186469639383,0.0,pid_41652,KL003
3,18,-0.0959087204159279,0.0128580055113524,0.0,-1.726356967486703,0.2314440992043444,0.0,pid_41652,KL003
4,11,-0.0828841614105996,0.0167425933358508,0.0,-0.9117257755165956,0.184168526694359,0.0,pid_41652,KL003
5,36,-0.1249072355767279,0.0054690910731214,0.0,-4.4966604807622055,0.1968872786323734,0.0,pid_41652,KL003
1,24,-0.099915219631014,0.010136234882063,-0.0416666666666666,-2.397965271144336,0.2432696371695126,-1.0,pid_43192,KL003
2,5,-0.1837363131520334,-0.0014203823481805,0.0,-0.9186815657601672,-0.0071019117409027,0.0,pid_43192,KL003
3,6,-0.1517091832570973,0.005395871304758,0.0,-0.9102550995425842,0.0323752278285482,0.0,pid_43192,KL003
4,37,-0.1049662745173,1.360866788085635,0.0,-3.8837521571401017,50.352071159168496,0.0,pid_43192,KL003
5,13,-0.0913075281054224,0.0138767307005641,0.0,-1.1869978653704916,0.1803974991073334,0.0,pid_43192,KL003
6,26,-0.2052363633582712,-0.0079990985912851,0.0,-5.336145447315054,-0.2079765633734135,0.0,pid_43192,KL003
1,45,-0.1683558615026352,-0.0018803210642857,0.0,-7.576013767618587,-0.0846144478928604,0.0,pid_44300,KL003
2,3,-0.1456253197562009,0.0097355120757151,0.0,-0.4368759592686028,0.0292065362271455,0.0,pid_44300,KL003
3,24,-0.0701361929689392,0.0124693597371631,0.0,-1.6832686312545415,0.2992646336919164,0.0,pid_44300,KL003
4,24,-0.1738493245017867,-0.0021670057197384,0.0,-4.1723837880428825,-0.052008137273724,0.0,pid_44300,KL003
5,44,-0.1734426659082333,-0.0029226309963924,-0.0227272727272727,-7.631477299962268,-0.1285957638412687,-1.0,pid_44300,KL003
6,50,-0.2032981539656426,-0.0070338281918957,-0.02,-10.16490769828213,-0.3516914095947856,-1.0,pid_44300,KL003
7,11,-0.1365835212559277,0.0070599724732384,0.0,-1.5024187338152055,0.0776596972056231,0.0,pid_44300,KL003
8,122,-0.1631356292545139,-0.000625119311419,-0.0081967213114754,-19.902546769050705,-0.0762645559931253,-1.0,pid_44300,KL003
1,56,-0.1800847506585118,-0.0033348497643503,0.0,-10.08474603687666,-0.1867515868036202,0.0,pid_46344,KL003
2,6,-0.1471726073690516,0.0046054976595465,0.0,-0.8830356442143096,0.0276329859572794,0.0,pid_46344,KL003
3,71,-0.1875146362922085,-0.0039646625576126,0.0,-13.313539176746806,-0.2814910415904956,0.0,pid_46344,KL003
4,29,-0.1553583033385892,0.0008375651945546,0.0,-4.505390796819089,0.0242893906420841,0.0,pid_46344,KL003
5,15,-0.0442951870461425,0.0219454627783574,0.0,-0.6644278056921376,0.3291819416753615,0.0,pid_46344,KL003
6,10,-0.0721509450884454,0.0181511740537022,0.0,-0.7215094508844546,0.1815117405370228,0.0,pid_46344,KL003
7,24,-0.202539229517315,-0.0077057701088665,-0.0833333333333333,-4.860941508415562,-0.1849384826127976,-2.0,pid_46344,KL003
8,79,-0.1005370812605509,0.0093503297588422,0.0,-7.942429419583528,0.7386760509485365,0.0,pid_46344,KL003
1,10,-0.0460523807624388,0.0214259517000453,0.0,-0.460523807624388,0.2142595170004532,0.0,pid_11648,KL004
2,17,-0.2306509291145092,-0.0121195765394295,0.0,-3.9210657949466574,-0.2060328011703026,0.0,pid_11648,KL004
3,45,-0.1473731068992024,0.0023696378831448,-0.0222222222222222,-6.6317898104641095,0.1066337047415174,-1.0,pid_11648,KL004
4,17,-0.1616462308321817,0.0004384248491825,0.0,-2.747985924147089,0.0074532224361025,0.0,pid_11648,KL004
5,25,-0.0572919074426869,0.0199505344192679,0.0,-1.4322976860671726,0.4987633604816995,0.0,pid_11648,KL004
6,65,-0.1439978190149299,0.0027501613625794,-0.0307692307692307,-9.359858235970442,0.1787604885676644,-2.0,pid_11648,KL004
1,5,-0.0398008465949685,10.018381337914692,-0.2,-0.1990042329748429,50.091906689573456,-1.0,pid_16836,KL004
2,15,-0.1709051921305796,-0.0015509200067262,0.0,-2.5635778819586945,-0.023263800100894,0.0,pid_16836,KL004
3,39,-0.1744679072696735,-0.0026570664940002,-0.0256410256410256,-6.804248383517269,-0.1036255932660102,-1.0,pid_16836,KL004
4,24,-0.1001384636294968,0.0100472695352825,0.0,-2.403323127107924,0.2411344688467809,0.0,pid_16836,KL004
5,12,-0.0809943875745232,0.0165342415416864,0.0,-0.9719326508942788,0.1984108985002378,0.0,pid_16836,KL004
6,32,-0.1525908940282785,0.001882690574275,0.0,-4.882908608904913,0.0602460983768002,0.0,pid_16836,KL004
1,16,-0.1469710147234401,0.0034186155625066,0.0,-2.351536235575043,0.0546978490001057,0.0,pid_17420,KL004
2,17,-0.0694470898662351,0.0172697639797766,0.0,-1.1806005277259972,0.2935859876562025,0.0,pid_17420,KL004
3,45,-0.1346662392941898,0.0041622369961227,-0.0222222222222222,-6.059980768238543,0.1873006648255245,-1.0,pid_17420,KL004
4,11,-0.1425543909623752,0.0039969537787838,0.0,-1.568098300586127,0.0439664915666224,0.0,pid_17420,KL004
5,56,-0.2064844953593128,-0.0070819924540993,-0.0357142857142857,-11.56313174012152,-0.3965915774295662,-2.0,pid_17420,KL004
6,11,-0.1211128584625709,0.0092987066121847,0.0,-1.3322414430882807,0.1022857727340322,0.0,pid_17420,KL004
7,14,-0.1473046125020573,0.0021433586833262,0.0,-2.0622645750288027,0.0300070215665673,0.0,pid_17420,KL004
8,35,-0.0482153841401932,0.0173225652335157,-0.1428571428571428,-1.6875384449067623,0.60628978317305,-5.0,pid_17420,KL004
9,3,-0.279587179286512,-0.0114673763092096,0.0,-0.8387615378595361,-0.0344021289276288,0.0,pid_17420,KL004
10,10,-0.1883538399031947,-0.0047017555371483,0.0,-1.8835383990319472,-0.0470175553714833,0.0,pid_17420,KL004
11,24,-0.116608229801316,0.0081847722085469,0.0,-2.7985975152315854,0.1964345330051269,0.0,pid_17420,KL004
1,18,-0.1209430273162414,0.0061781654569,0.0,-2.176974491692347,0.1112069782242011,0.0,pid_18076,KL004
2,39,-0.1413497529176244,0.0039698989810903,0.0,-5.512640363787352,0.1548260602625226,0.0,pid_18076,KL004
3,15,-0.1978046828790724,-0.0056073650293651,0.0,-2.9670702431860865,-0.0841104754404772,0.0,pid_18076,KL004
4,132,-0.1675288668363613,-0.0013431160071552,0.0,-22.1138104223997,-0.177291312944488,0.0,pid_18076,KL004
1,65,-0.1859571816123996,-0.0049676396262062,0.0,-12.087216804805976,-0.3228965757034062,0.0,pid_23452,KL004
2,120,-0.1739937586356481,-0.0025758973998008,0.0,-20.87925103627778,-0.3091076879761079,0.0,pid_23452,KL004
3,55,-0.192015913135459,-0.0052083263803824,-0.0909090909090909,-10.560875222450244,-0.2864579509210371,-5.0,pid_23452,KL004
4,9,-0.062292326470704,0.0183751215389652,0.0,-0.5606309382363361,0.1653760938506868,0.0,pid_23452,KL004
5,34,-0.1800837912504117,-0.0038198538344555,0.0,-6.122848902513998,-0.1298750303714879,0.0,pid_23452,KL004
6,4,-0.0538678706089795,0.0224826895506748,0.0,-0.2154714824359183,0.0899307582026994,0.0,pid_23452,KL004
7,27,-0.1223835901140395,0.007131847010371,0.0,-3.3043569330790667,0.1925598692800183,0.0,pid_23452,KL004
8,71,-0.1558871589446402,0.0005815285326186,-0.0422535211267605,-11.067988285069454,0.0412885258159225,-3.0,pid_23452,KL004
1,91,-0.169536366753682,-0.001692852571947,0.0,-15.427809374585069,-0.1540495840471812,0.0,pid_31448,KL004
2,32,-0.1560119001115815,0.0037932257315311,0.0,-4.992380803570609,0.121383223408997,0.0,pid_31448,KL004
3,23,-0.2341270259191576,-0.0122556868739123,0.0,-5.384921596140625,-0.2818807980999839,0.0,pid_31448,KL004
4,16,-0.2251882404260115,-0.0109512192297194,0.0,-3.603011846816185,-0.1752195076755108,0.0,pid_31448,KL004
5,40,-0.1466643164443038,0.0031454650032384,-0.025,-5.866572657772153,0.1258186001295398,-1.0,pid_31448,KL004
6,11,-0.0633128178321913,0.0177824862717535,0.0,-0.6964409961541045,0.1956073489892895,0.0,pid_31448,KL004
7,63,-0.1790190458938915,-0.0041215030485128,0.0,-11.278199891315166,-0.2596546920563068,0.0,pid_31448,KL004
1,33,-0.1548965188772302,0.0016106956113095,-0.0303030303030303,-5.111585122948597,0.0531529551732141,-1.0,pid_34036,KL004
2,16,-0.0849359677587075,0.0153466794215384,0.0,-1.3589754841393211,0.2455468707446149,0.0,pid_34036,KL004
3,35,-0.1155834395388384,0.0082442275397418,0.0,-4.045420383859347,0.2885479638909647,0.0,pid_34036,KL004
4,38,-0.2331491367276589,-0.0137561447429837,0.0,-8.859667195651038,-0.5227335002333842,0.0,pid_34036,KL004
1,96,-0.1751074070340282,-0.003133898208465,0.0,-16.810311075266714,-0.3008542280126425,0.0,pid_41652,KL004
2,17,-0.1905822312069881,-0.0035113454581048,0.0,-3.2398979305187985,-0.0596928727877819,0.0,pid_41652,KL004
3,63,-0.1455876716095444,0.0024961404858641,0.0,-9.1720233114013,0.1572568506094434,0.0,pid_41652,KL004
4,77,-0.1196004987836059,0.004526731368767,0.0,-9.20923840633766,0.3485583153950657,0.0,pid_41652,KL004
1,13,-0.0597561726582857,3.8657295189345287,-0.0769230769230769,-0.7768302445577152,50.25448374614887,-1.0,pid_43192,KL004
2,18,-0.1313217205719961,0.0058087400827061,0.0,-2.3637909702959297,0.1045573214887098,0.0,pid_43192,KL004
3,13,-0.119961667931033,0.0082754169796661,-0.0769230769230769,-1.5595016831034292,0.1075804207356597,-1.0,pid_43192,KL004
4,11,-0.1997019446034766,-0.004150162512415,0.0,-2.196721390638243,-0.0456517876365659,0.0,pid_43192,KL004
5,36,-0.0953417624299464,0.0125263316728987,0.0,-3.432303447478073,0.4509479402243535,0.0,pid_43192,KL004
6,21,-0.0889813204447043,0.0136024068892245,-0.1428571428571428,-1.868607729338792,0.2856505446737145,-3.0,pid_43192,KL004
7,69,-0.1971465550441799,-0.0067242280773499,0.0,-13.603112298048416,-0.4639717373371435,0.0,pid_43192,KL004
1,11,-0.1016182565994855,0.0127625492632486,0.0,-1.1178008225943414,0.1403880418957355,0.0,pid_44300,KL004
2,80,-0.1559259619101279,0.0003064265807549,0.0,-12.474076952810233,0.0245141264603989,0.0,pid_44300,KL004
3,33,-0.1473413644575513,0.0033826860638334,0.0,-4.862265027099194,0.1116286401065035,0.0,pid_44300,KL004
4,4,-0.1088857467930976,0.0143071112729665,0.0,-0.4355429871723906,0.0572284450918662,0.0,pid_44300,KL004
5,16,-0.1022510509017174,0.0109273678985868,0.0,-1.6360168144274798,0.1748378863773891,0.0,pid_44300,KL004
6,57,-0.1729496147515266,-0.001652479697488,0.0,-9.858128040837018,-0.0941913427568215,0.0,pid_44300,KL004
1,49,-0.1642419289666053,-0.0009959135364759,-0.0204081632653061,-8.04785451936366,-0.0487997632873232,-1.0,pid_46344,KL004
2,15,-0.1663455825954176,-0.0009031040891168,0.0,-2.4951837389312645,-0.0135465613367523,0.0,pid_46344,KL004
3,16,-0.2010974036092184,-0.0065930345369729,-0.3125,-3.2175584577474945,-0.105488552591567,-5.0,pid_46344,KL004
4,48,-0.139216975699377,0.0026028141708944,0.0,-6.682414833570097,0.1249350802029339,0.0,pid_46344,KL004
5,4,-0.0916652363134728,0.0165598767559238,0.0,-0.3666609452538912,0.0662395070236952,0.0,pid_46344,KL004
6,7,-0.1009910205246723,0.0135571463947672,0.0,-0.7069371436727061,0.0949000247633709,0.0,pid_46344,KL004
7,5,-0.1257309540714987,0.0095982746442029,0.0,-0.6286547703574936,0.0479913732210147,0.0,pid_46344,KL004
8,33,-0.0866024119844295,0.0136557000501039,0.0,-2.8578795954861738,0.4506381016534305,0.0,pid_46344,KL004
9,22,-0.13036749137453,0.0062898833671833,0.0,-2.868084810239661,0.1383774340780326,0.0,pid_46344,KL004
10,60,-0.0934670088087015,0.0124864486882021,0.0,-5.6080205285220925,0.7491869212921302,0.0,pid_46344,KL004
1,54,-0.2265241493642195,-0.0121604923485454,0.0,-12.232304065667858,-0.6566665868214552,0.0,pid_6784,KL004
2,108,-0.1755240758732489,-0.0024911920836105,0.0,-18.95660019431088,-0.2690487450299414,0.0,pid_6784,KL004
1,40,-0.1493721250425904,0.0016682079895256,-0.025,-5.974885001703618,0.0667283195810264,-1.0,pid_9800,KL004
2,67,-0.1973378990687304,-0.007030510903916,0.0,-13.221639237604938,-0.4710442305623765,0.0,pid_9800,KL004
3,8,-0.1244802645985743,0.0075731496757316,0.0,-0.9958421167885948,0.0605851974058528,0.0,pid_9800,KL004
4,33,-0.1606422733582298,0.0010472736672832,0.0,-5.301195020821585,0.034560031020347,0.0,pid_9800,KL004
5,200,-0.1641173423225551,-0.0012813237918008,-0.005,-32.823468464511016,-0.2562647583601734,-1.0,pid_9800,KL004
6,27,-0.0705954144412616,0.0161091644785316,0.0,-1.906076189914064,0.4349474409203541,0.0,pid_9800,KL004
1,11,-0.1518393845362147,0.0028087047278318,0.0,-1.670233229898362,0.0308957520061505,0.0,pid_1008,KL005
2,29,-0.1707906526646291,-0.0021046445101638,0.0,-4.952928927274245,-0.0610346907947514,0.0,pid_1008,KL005
3,28,-0.1726150851802764,-0.0023503085496437,-0.0357142857142857,-4.83322238504774,-0.0658086393900259,-1.0,pid_1008,KL005
4,15,-0.0915098405633809,0.0138765305506638,0.0,-1.3726476084507135,0.2081479582599577,0.0,pid_1008,KL005
5,18,-0.1021961435940269,0.0100478659289411,0.0,-1.8395305846924848,0.1808615867209398,0.0,pid_1008,KL005
6,52,-0.098232505175857,0.0116820801733555,-0.0192307692307692,-5.108090269144566,0.6074681690144897,-1.0,pid_1008,KL005
1,15,-0.0974069478099092,0.014564219679134,0.0,-1.461104217148638,0.2184632951870106,0.0,pid_16836,KL005
2,114,-0.1604510976163026,-0.0006377814665454,-0.0087719298245614,-18.2914251282585,-0.0727070871861786,-1.0,pid_16836,KL005
3,200,-0.1452008790882244,0.0027660192392397,0.0,-29.040175817644894,0.553203847847944,0.0,pid_16836,KL005
4,71,-0.1794242722394519,-0.0035181590891037,0.0,-12.739123329001083,-0.2497892953263697,0.0,pid_16836,KL005
5,30,-0.0754073595097546,0.0169972291491259,0.0,-2.262220785292641,0.5099168744737795,0.0,pid_16836,KL005
1,25,-0.1949307008151022,-0.0064787460303832,0.0,-4.873267520377556,-0.1619686507595806,0.0,pid_17420,KL005
2,31,-0.0687117601220455,0.0173280612315073,0.0,-2.130064563783411,0.5371698981767273,0.0,pid_17420,KL005
3,61,-0.1523066076996394,0.0013796362025597,-0.0327868852459016,-9.290703069678004,0.0841578083561448,-2.0,pid_17420,KL005
4,44,-0.1404770939350023,0.0042161082041346,0.0,-6.1809921331401005,0.1855087609819253,0.0,pid_17420,KL005
5,81,-0.1555160337101976,0.0006350275366898,-0.0246913580246913,-12.59679873052601,0.0514372304718798,-2.0,pid_17420,KL005
6,31,-0.079463436690655,0.0146816210781197,0.0,-2.4633665374103075,0.4551302534217109,0.0,pid_17420,KL005
1,52,-0.1343954107575064,0.0064507900606975,0.0,-6.988561359390335,0.335441083156273,0.0,pid_18076,KL005
2,14,-0.0908996039345588,0.011210018207662,0.0,-1.2725944550838242,0.1569402549072693,0.0,pid_18076,KL005
3,200,-0.1544596928001226,0.0007311473855312,0.0,-30.891938560024528,0.1462294771062453,0.0,pid_18076,KL005
1,17,-0.2493485739149119,-0.0129470885687351,0.0,-4.238925756553503,-0.220100505668497,0.0,pid_19340,KL005
2,21,-0.0774076428463484,0.0137767641405441,-0.0476190476190476,-1.6255604997733168,0.2893120469514266,-1.0,pid_19340,KL005
3,159,-0.1679962406689446,-0.000951404787918,0.0,-26.711402266362203,-0.1512733612789779,0.0,pid_19340,KL005
4,32,-0.047562784994297,0.0205559466936853,0.0,-1.5220091198175063,0.6577902941979323,0.0,pid_19340,KL005
1,24,-0.1550246023557219,0.0017132620806041,0.0,-3.720590456537327,0.0411182899345005,0.0,pid_31448,KL005
2,9,-0.1777154722965332,-0.002201194567478,0.0,-1.5994392506687989,-0.0198107511073025,0.0,pid_31448,KL005
3,41,-0.085751353955845,0.0132569957603841,0.0,-3.515805512189648,0.5435368261757488,0.0,pid_31448,KL005
4,10,-0.092975060464061,0.013721035283588,0.0,-0.9297506046406108,0.1372103528358807,0.0,pid_31448,KL005
5,43,-0.1787037581922438,-0.0029568079008311,0.0,-7.684261602266484,-0.1271427397357379,0.0,pid_31448,KL005
1,41,-0.1769331217648401,-0.0029513993560476,-0.048780487804878,-7.254257992358447,-0.1210073735979527,-2.0,pid_32180,KL005
2,57,-0.1815929056237007,-0.0043575028007325,-0.0350877192982456,-10.350795620550944,-0.2483776596417529,-2.0,pid_32180,KL005
1,59,-0.1880213801765128,-0.0044094065507237,-0.0169491525423728,-11.093261430414255,-0.2601549864927026,-1.0,pid_34036,KL005
2,30,-0.1442037388315893,0.003797321664033,0.0,-4.32611216494768,0.1139196499209926,0.0,pid_34036,KL005
3,60,-0.1727852203283298,-6.194149600286618e-05,0.0,-10.367113219699792,-0.0037164897601719,0.0,pid_34036,KL005
1,27,-0.1576697711283564,0.0006995119516319,0.0,-4.257083820465623,0.0188868226940632,0.0,pid_36744,KL005
2,73,-0.1280591132794949,0.0051387170153742,0.0,-9.348315269403132,0.3751263421223229,0.0,pid_36744,KL005
3,40,-0.1844949527240017,-0.0045343794167928,-0.15,-7.37979810896007,-0.181375176671714,-6.0,pid_36744,KL005
4,10,-0.1627886259105853,5.846068168290364e-05,0.0,-1.627886259105853,0.000584606816829,0.0,pid_36744,KL005
5,10,-0.1356068172510255,0.007000877374253,0.0,-1.3560681725102557,0.0700087737425305,0.0,pid_36744,KL005
6,23,-0.2019766258387041,-0.0062514140811892,0.0,-4.645462394290196,-0.1437825238673531,0.0,pid_36744,KL005
7,12,-0.1394966819419962,0.0042920098508235,0.0,-1.6739601833039548,0.0515041182098825,0.0,pid_36744,KL005
8,74,-0.130132971845057,0.0051976162896574,0.0,-9.62983991653422,0.3846236054346477,0.0,pid_36744,KL005
1,38,-0.153250906169241,0.0025804670887691,0.0,-5.823534434431162,0.0980577493732266,0.0,pid_41652,KL005
2,3,-0.1304824750908867,0.0167165579173991,0.0,-0.3914474252726601,0.0501496737521973,0.0,pid_41652,KL005
3,17,-0.1845799971978461,-0.0042077336815839,-0.1176470588235294,-3.137859952363385,-0.0715314725869276,-2.0,pid_41652,KL005
4,19,-0.1472400988598499,0.0055900476927979,0.0,-2.797561878337148,0.1062109061631618,0.0,pid_41652,KL005
5,17,-0.0726412117944336,0.0169349377070442,0.0,-1.234900600505371,0.2878939410197514,0.0,pid_41652,KL005
6,77,-0.1831177563798887,-0.003986267213194,-0.0259740259740259,-14.100067241251432,-0.3069425754159427,-2.0,pid_41652,KL005
1,9,-0.1576030755184415,0.0023927205733114,0.0,-1.4184276796659736,0.0215344851598034,0.0,pid_43192,KL005
2,14,-0.1343916810427135,0.0059869714904814,0.0,-1.8814835345979888,0.0838176008667408,0.0,pid_43192,KL005
3,9,-0.0481152713126796,0.021367184765106,0.0,-0.4330374418141169,0.1923046628859545,0.0,pid_43192,KL005
4,16,-0.1218888040468614,0.008639142967687,0.0,-1.9502208647497836,0.1382262874829935,0.0,pid_43192,KL005
5,109,-0.1410621273445786,0.0031957921113796,0.0,-15.375771880559066,0.3483413401403782,0.0,pid_43192,KL005
1,53,-0.1704013111297067,-0.0018876451195708,-0.0188679245283018,-9.031269489874454,-0.1000451913372539,-1.0,pid_44300,KL005
2,10,-0.1733622238068635,-0.0016745657734789,-0.5,-1.7336222380686357,-0.0167456577347893,-5.0,pid_44300,KL005
3,38,-0.0980154437432972,0.0113571544719109,0.0,-3.724586862245297,0.4315718699326167,0.0,pid_44300,KL005
4,24,-0.1396111625792044,0.0042981673383468,0.0,-3.350667901900907,0.1031560161203246,0.0,pid_44300,KL005
1,32,-0.2153663040087883,-0.0096719990611997,0.0,-6.891721728281226,-0.3095039699583918,0.0,pid_46344,KL005
2,42,-0.1810879187898169,-0.0033185142039567,0.0,-7.605692589172311,-0.1393775965661842,0.0,pid_46344,KL005
3,4,-0.0904306655818613,0.0194792555118729,0.0,-0.3617226623274454,0.0779170220474918,0.0,pid_46344,KL005
4,18,-0.1367362643330916,0.0054087211804661,0.0,-2.46125275799565,0.0973569812483912,0.0,pid_46344,KL005
5,22,-0.0872819745375214,0.013785112289059,0.0,-1.9202034398254728,0.3032724703592999,0.0,pid_46344,KL005
6,48,-0.1963559159248697,-0.0063067795442571,-0.0416666666666666,-9.425083964393746,-0.3027254181243437,-2.0,pid_46344,KL005
7,83,-0.1406830533672411,0.0042797096014387,-0.0240963855421686,-11.676693429481018,0.3552158969194132,-2.0,pid_46344,KL005
1,35,-0.1711269879253421,-0.0012107412608467,-0.0571428571428571,-5.9894445773869744,-0.0423759441296353,-2.0,pid_46668,KL005
2,63,-0.1046533230174344,0.0089169182735815,0.0,-6.593159350098369,0.5617658512356346,0.0,pid_46668,KL005
3,181,-0.1690743202877214,-0.001938314006365,0.0,-30.60245197207758,-0.3508348351520656,0.0,pid_46668,KL005
4,27,-0.0949950338062208,0.0128886368227978,-0.037037037037037,-2.564865912767962,0.3479931942155411,-1.0,pid_46668,KL005
1,1,-0.1052210708683847,0.0278275389922569,0.0,-0.1052210708683847,0.0278275389922569,0.0,pid_6784,KL005
2,12,-0.2247967646138197,-0.0109824722712728,0.0,-2.6975611753658364,-0.1317896672552743,0.0,pid_6784,KL005
3,103,-0.1398415389092052,0.0024046416027852,-0.0097087378640776,-14.403678507648138,0.2476780850868856,-1.0,pid_6784,KL005
1,33,-0.1825746106893205,-0.0038124846753863,-0.0606060606060606,-6.024962152747578,-0.125811994287749,-2.0,pid_9800,KL005
2,28,-0.1101621572520488,0.0074436211475114,-0.0357142857142857,-3.084540403057368,0.2084213921303196,-1.0,pid_9800,KL005
3,6,-0.1098445894985263,0.0121799702484653,0.0,-0.659067536991158,0.0730798214907919,0.0,pid_9800,KL005
4,83,-0.1324771431725313,0.003982309556079,-0.0120481927710843,-10.995602883320096,0.3305316931545604,-1.0,pid_9800,KL005
1,72,-0.1787385871092332,-0.0041025300704241,0.0,-12.869178271864792,-0.2953821650705371,0.0,pid_11648,KL006
2,52,-0.2297372229390493,-0.0101150315367847,0.0,-11.946335592830568,-0.5259816399128057,0.0,pid_11648,KL006
1,48,-0.1445019320272218,0.0014336329267295,-0.0625,-6.93609273730665,0.0688143804830176,-3.0,pid_16836,KL006
2,35,-0.2273018798197111,-0.0122451796257308,-0.0285714285714285,-7.955565793689888,-0.4285812869005808,-1.0,pid_16836,KL006
3,5,-0.1001929662167001,0.0171015805632503,0.0,-0.5009648310835005,0.0855079028162519,0.0,pid_16836,KL006
4,10,-0.1132477077060143,0.0106292345683281,0.0,-1.1324770770601431,0.1062923456832811,0.0,pid_16836,KL006
5,11,-0.0762156342346904,0.0181134974510938,0.0,-0.8383719765815947,0.1992484719620321,0.0,pid_16836,KL006
6,4,-0.0564721812079104,0.0227940561359327,0.0,-0.2258887248316418,0.0911762245437311,0.0,pid_16836,KL006
7,50,-0.1197315479764373,0.0063765253165079,0.0,-5.9865773988218685,0.3188262658253998,0.0,pid_16836,KL006
8,83,-0.1564250961777031,0.0007992921919854,0.0,-12.983282982749362,0.0663412519347899,0.0,pid_16836,KL006
1,11,-0.1570715181112753,0.0017762335132543,0.0,-1.727786699224028,0.0195385686457979,0.0,pid_17420,KL006
2,5,-0.1002244849669002,0.0146673786263123,0.0,-0.501122424834501,0.0733368931315615,0.0,pid_17420,KL006
3,26,-0.2086846811623472,-0.0091784015871446,-0.4230769230769231,-5.425801710221028,-0.2386384412657619,-11.0,pid_17420,KL006
4,15,-0.2186560120505667,-0.0096013632650539,0.0,-3.2798401807585007,-0.1440204489758091,0.0,pid_17420,KL006
5,13,-0.1828264307166896,-0.0022942130313639,0.0,-2.3767435993169657,-0.0298247694077312,0.0,pid_17420,KL006
6,28,-0.1422385545687077,0.0024498946627956,0.0,-3.982679527923816,0.0685970505582795,0.0,pid_17420,KL006
7,68,-0.195723919015632,-0.0067120121386191,0.0,-13.309226493062978,-0.456416825426102,0.0,pid_17420,KL006
1,38,-0.1904394823560203,-0.0049564978351548,0.0,-7.236700329528772,-0.1883469177358833,0.0,pid_19340,KL006
2,141,-0.1470736167421873,0.0022072676040729,0.0,-20.73737996064842,0.311224732174284,0.0,pid_19340,KL006
3,15,-0.1183233376711943,0.0097931857883318,0.0,-1.7748500650679149,0.1468977868249774,0.0,pid_19340,KL006
4,19,-0.0705965455890816,0.0174931271578024,0.0,-1.3413343661925508,0.3323694159982474,0.0,pid_19340,KL006
5,34,-0.114317198843522,0.009248016592809,-0.0294117647058823,-3.886784760679749,0.3144325641555068,-1.0,pid_19340,KL006
6,102,-0.1414392111852807,0.0027083117972142,0.0,-14.426799540898635,0.2762478033158566,0.0,pid_19340,KL006
1,26,-0.214845700775854,-0.0084894154055015,0.0,-5.585988220172206,-0.2207248005430392,0.0,pid_28052,KL006
2,10,-0.1245801079258371,0.007881429666903,0.0,-1.2458010792583711,0.0788142966690305,0.0,pid_28052,KL006
3,6,-0.0725616253060035,0.0188821680371153,0.0,-0.4353697518360213,0.1132930082226923,0.0,pid_28052,KL006
4,138,-0.163487383486766,-0.0012373043952175,0.0,-22.56125892117371,-0.1707480065400261,0.0,pid_28052,KL006
1,143,-0.1614926145945677,0.0003890809670981,0.0,-23.09344388702318,0.0556385782950321,0.0,pid_31448,KL006
2,29,-0.2179607767634362,-0.0105022028564344,-0.0344827586206896,-6.320862526139651,-0.3045638828366004,-1.0,pid_31448,KL006
3,80,-0.1825319739235567,-0.003206157040596,0.0,-14.60255791388454,-0.2564925632476876,0.0,pid_31448,KL006
1,42,-0.167922971440376,-0.0016625442419436,-0.0238095238095238,-7.052764800495791,-0.0698268581616335,-1.0,pid_32180,KL006
2,38,-0.1515780985840554,0.0015741174709683,-0.0263157894736842,-5.759967746194108,0.059816463896797,-1.0,pid_32180,KL006
3,52,-0.1852936435610696,-0.0046567893430271,0.0,-9.635269465175622,-0.2421530458374102,0.0,pid_32180,KL006
4,40,-0.090649694306913,0.0129678231062609,-0.075,-3.6259877722765226,0.518712924250438,-3.0,pid_32180,KL006
5,110,-0.1674196783117824,-0.0016315924208473,0.0,-18.416164614296072,-0.1794751662932088,0.0,pid_32180,KL006
6,2,-0.1875121754959531,0.008172135755071,0.0,-0.3750243509919062,0.016344271510142,0.0,pid_32180,KL006
7,74,-0.130765264092995,0.0062036443876153,-0.0135135135135135,-9.676629542881631,0.4590696846835329,-1.0,pid_32180,KL006
1,200,-0.1443584384131374,0.0025250694113644,0.0,-28.87168768262749,0.5050138822728878,0.0,pid_34036,KL006
1,17,-0.0800010265550753,0.0153811690469979,0.0,-1.3600174514362815,0.2614798737989655,0.0,pid_36744,KL006
2,27,-0.1978757525465327,-0.0068899475122079,0.0,-5.342645318756385,-0.1860285828296145,0.0,pid_36744,KL006
3,59,-0.1317293631931349,0.0043008592085778,-0.0847457627118644,-7.772032428394961,0.253750693306093,-5.0,pid_36744,KL006
4,16,-0.2135599459803761,-0.0084659421943747,0.0,-3.4169591356860174,-0.1354550751099952,0.0,pid_36744,KL006
5,10,-0.1017452777766153,0.0143039446260379,0.0,-1.0174527777661533,0.1430394462603799,0.0,pid_36744,KL006
6,60,-0.0966449711927892,0.0106937811467568,0.0,-5.798698271567355,0.6416268688054108,0.0,pid_36744,KL006
7,54,-0.165155685279841,-0.0015064264044071,0.0,-8.918407005111415,-0.0813470258379854,0.0,pid_36744,KL006
1,8,-0.0954320843300998,0.015145976609329,0.0,-0.7634566746407991,0.1211678128746324,0.0,pid_41652,KL006
2,1,-0.2761899021361964,50.0,0.0,-0.2761899021361964,50.0,0.0,pid_41652,KL006
3,34,-0.1603461860231639,-0.0004509381602117,-0.0588235294117647,-5.451770324787574,-0.0153318974471989,-2.0,pid_41652,KL006
4,7,-0.1195437722585996,0.0109280104866697,0.0,-0.8368064058101973,0.0764960734066881,0.0,pid_41652,KL006
5,2,-0.1383754518726639,0.0162842077426603,0.0,-0.2767509037453278,0.0325684154853206,0.0,pid_41652,KL006
6,12,-0.1391010547016502,0.0048429361364772,0.0,-1.6692126564198029,0.0581152336377274,0.0,pid_41652,KL006
7,42,-0.0876409396232173,0.0112621028691088,0.0,-3.680919464175127,0.4730083205025726,0.0,pid_41652,KL006
8,52,-0.1402077310705342,0.0037092018872967,0.0,-7.290802015667783,0.1928784981394334,0.0,pid_41652,KL006
1,19,-0.1271590153346326,0.0059891087521437,0.0,-2.41602129135802,0.1137930662907316,0.0,pid_43192,KL006
2,12,-0.0739961945632849,0.0196100281890259,0.0,-0.8879543347594198,0.2353203382683113,0.0,pid_43192,KL006
3,57,-0.1903558923271095,-0.0058364650881922,0.0,-10.850285862645244,-0.332678510026958,0.0,pid_43192,KL006
1,25,-0.0750443600073921,0.016149497352599,0.0,-1.8761090001848049,0.4037374338149767,0.0,pid_46668,KL006
2,18,-0.064410665351331,0.0165276914942754,0.0,-1.159391976323959,0.2974984468969576,0.0,pid_46668,KL006
3,46,-0.1598501132196962,0.001140037496946,0.0,-7.353105208106029,0.0524417248595197,0.0,pid_46668,KL006
4,21,-0.1768436984762932,-0.0019743828851125,0.0,-3.7137176680021575,-0.0414620405873634,0.0,pid_46668,KL006
5,47,-0.1064448696989738,0.0094650272769369,0.0,-5.002908875851771,0.444856282016038,0.0,pid_46668,KL006
6,118,-0.1456003528878757,0.0028122030039427,0.0,-17.180841640769337,0.3318399544652475,0.0,pid_46668,KL006
1,32,-0.1508556291248546,0.0016400404927465,0.0,-4.8273801319953495,0.0524812957678904,0.0,pid_6784,KL006
2,38,-0.2136554377357717,-0.0097369940339163,0.0,-8.118906633959325,-0.3700057732888223,0.0,pid_6784,KL006
3,27,-0.0765403234328514,0.0161205641984584,0.0,-2.0665887326869887,0.4352552333583792,0.0,pid_6784,KL006
4,42,-0.1281336174627204,0.0062504091743613,0.0,-5.381611933434258,0.2625171853231763,0.0,pid_6784,KL006
5,27,-0.1731288137446846,-0.0018259934471162,-0.037037037037037,-4.674477971106486,-0.0493018230721395,-1.0,pid_6784,KL006
6,38,-0.1557597297988589,0.0011433937319367,0.0,-5.918869732356641,0.043448961813595,0.0,pid_6784,KL006
7,71,-0.153286618857757,0.0013439664572236,-0.0140845070422535,-10.88334993890075,0.0954216184628763,-1.0,pid_6784,KL006
1,8,-0.1045827418112346,0.0131637160159976,0.0,-0.8366619344898774,0.1053097281279814,0.0,pid_9800,KL006
2,35,-0.1409746363475358,0.0033678903479502,0.0,-4.934112272163753,0.1178761621782602,0.0,pid_9800,KL006
3,19,-0.0837169193998772,0.0147019544564225,-0.1052631578947368,-1.590621468597667,0.2793371346720287,-2.0,pid_9800,KL006
4,46,-0.2095807579644799,-0.0089832016345116,-0.0217391304347826,-9.640714866366078,-0.4132272751875353,-1.0,pid_9800,KL006
5,21,-0.1010681509192223,0.0105896287902138,0.0,-2.122431169303669,0.2223822045944901,0.0,pid_9800,KL006
6,22,-0.1679492888891551,-0.0013727494067394,0.0,-3.694884355561413,-0.0302004869482689,0.0,pid_9800,KL006
7,51,-0.1091283829006301,0.0079030998911886,0.0,-5.565547527932138,0.4030580944506202,0.0,pid_9800,KL006
