episode_index,steps,mean_reward_drift,mean_reward_progress,mean_reward_intrusion,sum_reward_drift,sum_reward_progress,sum_reward_intrusion,pid,agent,run_id
1,73,-0.1371892286115109,0.0041743992871049,0.0,-10.014813688640295,0.3047311479586624,0.0,pid_13260,KL001,1
1,17,-0.1640417296639463,-0.0007472122606014,0.0,-2.788709404287088,-0.0127026084302245,0.0,pid_13260,KL003,1
2,35,-0.1108499733068497,0.0086949364588644,0.0,-3.8797490657397415,0.3043227760602549,0.0,pid_13260,KL003,1
3,29,-0.1749126704273566,-0.0025873225580087,0.0,-5.072467442393343,-0.0750323541822547,0.0,pid_13260,KL003,1
4,28,-0.1165736331501505,0.0091157639120417,0.0,-3.264061728204216,0.2552413895371702,0.0,pid_13260,KL003,1
5,98,-0.1312625614227937,0.005665598650771,0.0,-12.863731019433782,0.5552286677755635,0.0,pid_13260,KL003,1
1,4,-0.0793013176423185,0.0204893797579626,0.0,-0.3172052705692743,0.0819575190318504,0.0,pid_13260,KL004,1
2,46,-0.1731965678891575,-0.0033199560198018,0.0,-7.967042122901248,-0.1527179769108838,0.0,pid_13260,KL004,1
3,15,-0.1184173584309013,0.0092007736131969,0.0,-1.77626037646352,0.138011604197954,0.0,pid_13260,KL004,1
4,50,-0.1539203704157628,0.0016107519750093,-0.02,-7.696018520788141,0.0805375987504674,-1.0,pid_13260,KL004,1
1,9,-0.131590873227661,0.0066513668620725,0.0,-1.184317859048949,0.0598623017586529,0.0,pid_13260,KL005,1
2,38,-0.1934617548829829,-0.0060953516420756,0.0,-7.3515466855533536,-0.231623362398874,0.0,pid_13260,KL005,1
3,151,-0.153993093131634,0.0006007855801796,0.0,-23.25295706287673,0.0907186226071254,0.0,pid_13260,KL005,1
1,15,-0.1493834604123659,0.0023316919492001,0.0,-2.240751906185489,0.0349753792380016,0.0,pid_13260,KL006,1
2,129,-0.1613222864735455,-0.0007396801672337,0.0,-20.81057495508738,-0.0954187415731583,0.0,pid_13260,KL006,1
1,41,-0.1939097513844507,-0.0054158836622752,0.0,-7.950299806762482,-0.2220512301532848,0.0,pid_16720,KL002,1
2,39,-0.1634538265652466,-0.0009009308822369,0.0,-6.374699236044617,-0.0351363044072429,0.0,pid_16720,KL002,1
3,20,-0.1448753680242555,0.0023629246155917,0.0,-2.897507360485112,0.0472584923118343,0.0,pid_16720,KL002,1
4,30,-0.1698099317292558,-0.0016738248458438,0.0,-5.094297951877674,-0.0502147453753146,0.0,pid_16720,KL002,1
5,15,-0.0874661649211802,0.0134463319573639,0.0,-1.3119924738177036,0.2016949793604587,0.0,pid_16720,KL002,1
6,68,-0.1388939292354651,0.0038377144086415,0.0,-9.444787188011633,0.2609645797876272,0.0,pid_16720,KL002,1
1,14,-0.1101317643029668,0.011102248721875,0.0,-1.5418447002415356,0.1554314821062504,0.0,pid_16720,KL003,1
2,77,-0.1855182871899029,-0.0045087198648423,-0.0259740259740259,-14.284908113622526,-0.3471714295928628,-2.0,pid_16720,KL003,1
1,5,-0.1100191613023349,0.0152637340544286,0.0,-0.5500958065116748,0.076318670272143,0.0,pid_16720,KL004,1
2,6,-0.1898565515444261,-0.0039289605989136,0.0,-1.1391393092665572,-0.0235737635934821,0.0,pid_16720,KL004,1
3,12,-0.0691344334816682,0.0163373660134856,0.0,-0.8296132017800191,0.1960483921618281,0.0,pid_16720,KL004,1
4,37,-0.1932032845154409,-0.0059516721499359,0.0,-7.148521527071313,-0.2202118695476301,0.0,pid_16720,KL004,1
5,2,-0.1301057570968994,0.0152831932328244,0.0,-0.2602115141937988,0.0305663864656488,0.0,pid_16720,KL004,1
6,14,-0.1457340700834538,0.0034855617477466,0.0,-2.040276981168354,0.0487978644684535,0.0,pid_16720,KL004,1
7,82,-0.1347733218695322,0.0048238373597397,0.0,-11.051412393301648,0.3955546634986633,0.0,pid_16720,KL004,1
1,6,-0.1224356576880711,0.0104830650375693,0.0,-0.7346139461284271,0.0628983902254162,0.0,pid_16720,KL005,1
2,44,-0.1995905037506573,-0.0072360034913408,0.0,-8.781982165028921,-0.3183841536189952,0.0,pid_16720,KL005,1
3,55,-0.1172925717801876,0.0076826298842966,0.0,-6.451091447910321,0.4225446436363181,0.0,pid_16720,KL005,1
1,58,-0.106883125277484,0.0097669995118807,-0.0172413793103448,-6.199221266094075,0.5664859716890852,-1.0,pid_16720,KL006,1
2,14,-0.1111171507117725,0.0103353610801902,0.0,-1.555640109964816,0.1446950551226637,0.0,pid_16720,KL006,1
3,6,-0.2000034662534614,-0.0049298397234087,0.0,-1.2000207975207688,-0.0295790383404525,0.0,pid_16720,KL006,1
4,10,-0.2043279156723345,-0.0031894590841816,0.0,-2.043279156723345,-0.0318945908418167,0.0,pid_16720,KL006,1
5,144,-0.1468426939763187,0.0015946945506493,0.0,-21.145347932589893,0.2296360152935114,0.0,pid_16720,KL006,1
1,51,-0.1068461973915747,0.010492581550623,0.0,-5.449156066970311,0.5351216590817743,0.0,pid_1732,KL001,1
2,21,-0.1471624076377306,0.004262085367723,0.0,-3.0904105603923435,0.0895037927221832,0.0,pid_1732,KL001,1
3,115,-0.1617839610562912,-0.0003198195604256,0.0,-18.60515552147349,-0.036779249448949,0.0,pid_1732,KL001,1
4,50,-0.1127159294783011,0.0093491248043116,-0.04,-5.635796473915055,0.4674562402155832,-2.0,pid_1732,KL001,1
5,32,-0.1749657436057293,-0.0035536133589022,0.0,-5.598903795383338,-0.1137156274848717,0.0,pid_1732,KL001,1
6,31,-0.1774230671251454,-0.0033277891359967,0.0,-5.5001150808795085,-0.1031614632158983,0.0,pid_1732,KL001,1
7,42,-0.1441284673729281,0.0036408422552991,0.0,-6.053395629662983,0.1529153747225639,0.0,pid_1732,KL001,1
1,16,-0.2299514545894471,-0.0119901422542187,0.0,-3.6792232734311536,-0.1918422760674998,0.0,pid_1732,KL002,1
2,41,-0.1835749538786277,-0.0039932976265435,-0.048780487804878,-7.5265731090237376,-0.1637252026882851,-2.0,pid_1732,KL002,1
3,47,-0.1043098310371851,0.0100533862329425,-0.0212765957446808,-4.9025620587477,0.4725091529482997,-1.0,pid_1732,KL002,1
4,78,-0.145061234226157,0.0027105628105966,-0.0256410256410256,-11.314776269640245,0.211423899226537,-2.0,pid_1732,KL002,1
1,106,-0.1537597210418259,0.0011944160435245,-0.0283018867924528,-16.298530430433544,0.1266081006136051,-3.0,pid_1732,KL004,1
2,33,-0.1655312381741011,-0.0004805642790378,-0.0303030303030303,-5.462530859745336,-0.0158586212082493,-1.0,pid_1732,KL004,1
3,25,-0.1903016261179023,-0.005523772759879,0.0,-4.757540652947559,-0.1380943189969772,0.0,pid_1732,KL004,1
4,32,-0.0643777475034043,0.0181069114917698,-0.0625,-2.0600879201089377,0.5794211677366354,-2.0,pid_1732,KL004,1
5,27,-0.2061358485065062,-0.0079672484068983,0.0,-5.565667909675668,-0.2151157069862554,0.0,pid_1732,KL004,1
6,71,-0.13802521205609,0.0040045145161219,0.0,-9.79979005598239,0.2843205306446555,0.0,pid_1732,KL004,1
1,11,-0.1849537852656789,-0.0024426053820186,0.0,-2.0344916379224687,-0.026868659202205,0.0,pid_1732,KL005,1
2,12,-0.1900886723603732,-0.0042487772453583,-0.1666666666666666,-2.2810640683244783,-0.0509853269443001,-2.0,pid_1732,KL005,1
3,51,-0.1800055447210193,-0.0034927333296949,-0.0196078431372549,-9.180282780771984,-0.1781293998144407,-1.0,pid_1732,KL005,1
4,1,-0.3116630640242033,-0.0024808841734922,0.0,-0.3116630640242033,-0.0024808841734922,0.0,pid_1732,KL005,1
5,7,-0.1125711086666558,0.0108412098803351,0.0,-0.7879977606665909,0.0758884691623459,0.0,pid_1732,KL005,1
6,40,-0.1089996014863583,0.0096692679964479,0.0,-4.359984059454334,0.386770719857918,0.0,pid_1732,KL005,1
7,29,-0.1759717808336259,-0.002698101445146,-0.0344827586206896,-5.103181644175152,-0.0782449419092363,-1.0,pid_1732,KL005,1
8,129,-0.1609769470635247,0.0001499734583457,0.0,-20.766026171194696,0.0193465761265997,0.0,pid_1732,KL005,1
1,20,-0.2038655794219307,-0.0067526281805434,0.0,-4.077311588438614,-0.1350525636108688,0.0,pid_22192,KL001,1
2,11,-0.1952722966658062,-0.0046212505119493,0.0,-2.1479952633238693,-0.0508337556314428,0.0,pid_22192,KL001,1
3,8,-0.1006935338881923,0.0150069624311857,0.0,-0.805548271105539,0.1200556994494857,0.0,pid_22192,KL001,1
4,62,-0.1062056024950266,0.0100238693178795,-0.032258064516129,-6.5847473546916495,0.6214798977085314,-2.0,pid_22192,KL001,1
5,19,-0.1662177084876623,-0.0018643295898164,0.0,-3.158136461265584,-0.0354222622065124,0.0,pid_22192,KL001,1
6,259,-0.1542512116885751,0.0016903602276875,0.0,-39.95106382734095,0.437803298971067,0.0,pid_22192,KL001,1
1,36,-0.1709957671886597,-0.0017279039368878,0.0,-6.155847618791751,-0.062204541727963,0.0,pid_22192,KL003,1
2,43,-0.134116127520611,0.0048567678639371,0.0,-5.766993483386276,0.2088410181492968,0.0,pid_22192,KL003,1
3,8,-0.1870964307446052,-0.0032685201535308,0.0,-1.4967714459568418,-0.0261481612282466,0.0,pid_22192,KL003,1
4,7,-0.2298789098909287,-0.0084377988372495,0.0,-1.609152369236501,-0.059064591860747,0.0,pid_22192,KL003,1
5,114,-0.1325065948298397,0.4437272323711649,0.0,-15.10575181060173,50.5849044903128,0.0,pid_22192,KL003,1
1,7,-0.0860183228207166,0.0167995442026816,0.0,-0.6021282597450167,0.1175968094187712,0.0,pid_22192,KL004,1
2,85,-0.1139572965001026,0.0064032022240701,0.0,-9.686370202508725,0.5442721890459626,0.0,pid_22192,KL004,1
1,41,-0.136672970591403,0.0037319314491884,0.0,-5.603591794247523,0.153009189416726,0.0,pid_22192,KL005,1
1,36,-0.0931151916268292,0.0135865881131803,0.0,-3.352146898565852,0.489117172074494,0.0,pid_22192,KL006,1
2,21,-0.1522800653226458,0.0019445017473524,0.0,-3.1978813717755625,0.0408345366944012,0.0,pid_22192,KL006,1
3,63,-0.1095195039978311,0.0078057661459831,0.0,-6.899728751863364,0.4917632671969374,0.0,pid_22192,KL006,1
1,58,-0.1985516154975479,-0.0058138086270809,-0.0172413793103448,-11.51599369885778,-0.3372009003706926,-1.0,pid_25396,KL002,1
2,50,-0.1198751608120871,0.0047035830183148,0.0,-5.993758040604359,0.235179150915742,0.0,pid_25396,KL002,1
3,21,-0.1012013355591009,0.0113328069111232,0.0,-2.1252280467411198,0.2379889451335882,0.0,pid_25396,KL002,1
4,6,-0.1219034389524526,0.0111576571941729,0.0,-0.7314206337147159,0.0669459431650379,0.0,pid_25396,KL002,1
5,104,-0.1226772154242145,0.0060818526489736,0.0,-12.758430404118313,0.6325126754932614,0.0,pid_25396,KL002,1
1,105,-0.1486654499616907,0.0017277819232107,0.0,-15.609872245977533,0.1814171019371279,0.0,pid_25396,KL003,1
1,21,-0.1453580561492857,0.0033913613767906,-0.0476190476190476,-3.0525191791350013,0.0712185889126035,-1.0,pid_25396,KL004,1
2,108,-0.1828341249689357,-0.0037247763926527,0.0,-19.74608549664505,-0.402275850406495,0.0,pid_25396,KL004,1
3,12,-0.1388151857964736,0.0048601541223089,0.0,-1.665782229557684,0.0583218494677076,0.0,pid_25396,KL004,1
4,139,-0.1467678656730267,0.0016424293930464,0.0,-20.400733328550714,0.22829768563346,0.0,pid_25396,KL004,1
1,33,-0.1237185686968092,0.006939312975654,0.0,-4.082712766994706,0.2289973281965849,0.0,pid_25396,KL005,1
2,153,-0.1758690580627629,-0.0038667613194286,0.0,-26.90796588360273,-0.5916144818725901,0.0,pid_25396,KL005,1
3,59,-0.1871569425489181,-0.0053792036300607,0.0,-11.042259610386168,-0.317373014173585,0.0,pid_25396,KL005,1
1,40,-0.1963170876180108,-0.0064759595163541,0.0,-7.852683504720435,-0.2590383806541652,0.0,pid_26316,KL002,1
2,29,-0.1593231755645226,0.0007953531709599,-0.0689655172413793,-4.620372091371157,0.0230652419578399,-2.0,pid_26316,KL002,1
3,119,-0.1687746653598665,-0.0016075548385475,-0.0084033613445378,-20.08418517782411,-0.1912990257871601,-1.0,pid_26316,KL002,1
4,84,-0.1481209454272842,0.0022788965814519,-0.0119047619047619,-12.442159415891874,0.1914273128419661,-1.0,pid_26316,KL002,1
5,9,-0.1884690604107361,-0.0032572829235701,0.0,-1.6962215436966253,-0.029315546312131,0.0,pid_26316,KL002,1
6,28,-0.2099929704638403,-0.0083427328579619,0.0,-5.879803172987531,-0.2335965200229345,0.0,pid_26316,KL002,1
1,10,-0.2216415904120399,-0.009791534592398,0.0,-2.2164159041204,-0.0979153459239801,0.0,pid_26316,KL004,1
2,60,-0.1258561459055426,0.0069298327508,-0.0333333333333333,-7.551368754332556,0.4157899650480007,-2.0,pid_26316,KL004,1
3,13,-0.1423851567779903,0.0051403364198459,0.0,-1.851007038113874,0.0668243734579976,0.0,pid_26316,KL004,1
4,38,-0.1207814258394675,0.0076134181056425,0.0,-4.589694181899765,0.2893098880144186,0.0,pid_26316,KL004,1
5,29,-0.1673474511591828,-0.0011724867985985,0.0,-4.853076083616302,-0.0340021171593587,0.0,pid_26316,KL004,1
6,11,-0.1114374270940448,0.0114283374673303,0.0,-1.2258116980344933,0.1257117121406336,0.0,pid_26316,KL004,1
7,84,-0.1194639463549058,0.0065844171147382,0.0,-10.034971493812089,0.5530910376380112,0.0,pid_26316,KL004,1
8,32,-0.1024661719978468,0.011518556746708,-0.03125,-3.2789175039311003,0.3685938158946567,-1.0,pid_26316,KL004,1
1,28,-0.1736929992807758,-0.0024511261199558,0.0,-4.863403979861724,-0.0686315313587651,0.0,pid_26316,KL005,1
2,56,-0.1242206860590958,0.0085780797556863,0.0,-6.956358419309367,0.480372466318437,0.0,pid_26316,KL005,1
3,15,-0.1258932685806925,0.0063278535565674,0.0,-1.8883990287103876,0.0949178033485116,0.0,pid_26316,KL005,1
4,25,-0.0687709036161271,0.0163865322395317,0.0,-1.7192725904031787,0.4096633059882943,0.0,pid_26316,KL005,1
5,111,-0.1364184197202057,0.0036671694543185,0.0,-15.142444588942835,0.4070558094293558,0.0,pid_26316,KL005,1
1,74,-0.1684558589802967,-0.0010348354785047,0.0,-12.465733564541956,-0.0765778254093541,0.0,pid_26316,KL006,1
2,28,-0.1785454162428934,-0.0012979382189964,0.0,-4.999271654801015,-0.0363422701318994,0.0,pid_26316,KL006,1
3,11,-0.2340992622767702,-0.0093961465695406,0.0,-2.575091885044473,-0.1033576122649471,0.0,pid_26316,KL006,1
4,10,-0.1267484789825582,0.0081414063710391,0.0,-1.2674847898255823,0.0814140637103917,0.0,pid_26316,KL006,1
5,39,-0.145697909483804,0.0024996614210321,0.0,-5.682218469868356,0.0974867954202521,0.0,pid_26316,KL006,1
6,24,-0.1498985130624594,0.0021783759930871,-0.0833333333333333,-3.5975643134990265,0.0522810238340922,-2.0,pid_26316,KL006,1
7,4,-0.0665677105474993,0.0213540607745832,0.0,-0.2662708421899974,0.0854162430983329,0.0,pid_26316,KL006,1
8,32,-0.0720417240731857,0.016551737332065,0.0,-2.305335170341944,0.5296555946260818,0.0,pid_26316,KL006,1
1,5,-0.054600481368805,0.0225428374083782,0.0,-0.2730024068440253,0.1127141870418913,0.0,pid_27012,KL001,1
2,21,-0.1979054673919497,-0.0061434043133965,0.0,-4.156014815230944,-0.1290114905813265,0.0,pid_27012,KL001,1
3,68,-0.1622832489726616,0.0005713680936607,0.0,-11.035260930140993,0.0388530303689277,0.0,pid_27012,KL001,1
1,57,-0.1760608254021999,-0.0024796703948333,0.0,-10.035467047925398,-0.1413412125055019,0.0,pid_27012,KL002,1
2,49,-0.1615401699288925,-0.0004633106708623,-0.0204081632653061,-7.915468326515732,-0.0227022228722562,-1.0,pid_27012,KL002,1
3,18,-0.1011753306564108,0.0115886158228589,0.0,-1.8211559518153944,0.208595084811461,0.0,pid_27012,KL002,1
4,44,-0.1258871295991716,0.0067255719267886,-0.0227272727272727,-5.539033702363552,0.2959251647786987,-1.0,pid_27012,KL002,1
1,85,-0.1226041658262001,0.005836173427494,0.0,-10.421354095227008,0.4960747413369906,0.0,pid_27012,KL003,1
2,6,-0.0738060006898684,0.0190997554917348,0.0,-0.4428360041392108,0.1145985329504092,0.0,pid_27012,KL003,1
3,13,-0.1590990190323227,0.0006682803608887,0.0,-2.068287247420195,0.0086876446915532,0.0,pid_27012,KL003,1
4,11,-0.1432672698488193,0.0051749195979553,0.0,-1.5759399683370123,0.0569241155775089,0.0,pid_27012,KL003,1
5,17,-0.1502647148370791,0.0017165831023864,0.0,-2.5545001522303457,0.0291819127405692,0.0,pid_27012,KL003,1
6,27,-0.0769388829382594,0.0158958306858306,0.0,-2.077349839333005,0.4291874285174273,0.0,pid_27012,KL003,1
7,58,-0.1791229131871444,-0.0037010750209862,0.0,-10.389128964854375,-0.2146623512172051,0.0,pid_27012,KL003,1
8,54,-0.1350058700587557,0.0044417391747503,0.0,-7.290316983172808,0.239853915436518,0.0,pid_27012,KL003,1
1,84,-0.1651851307903504,-0.0017102399509281,0.0,-13.875550986389438,-0.1436601558779638,0.0,pid_27012,KL005,1
2,57,-0.1206045254104574,0.007938645060921,-0.0175438596491228,-6.874457948396073,0.4525027684725007,-1.0,pid_27012,KL005,1
1,29,-0.2495705783139515,-0.0155562273385319,0.0,-7.2375467711045935,-0.4511305928174259,0.0,pid_27012,KL006,1
2,4,-0.1508361377814603,0.0057950800689997,0.0,-0.6033445511258412,0.0231803202759989,0.0,pid_27012,KL006,1
3,67,-0.176317539049039,-0.0027236036111111,0.0,-11.813275116285611,-0.1824814419444473,0.0,pid_27012,KL006,1
4,9,-0.1160972989247546,0.0104523127062798,0.0,-1.0448756903227916,0.0940708143565187,0.0,pid_27012,KL006,1
5,90,-0.169728507927986,-0.0024407669820996,0.0,-15.275565713518745,-0.2196690283889706,0.0,pid_27012,KL006,1
6,41,-0.2218533338863616,-0.0095706129374139,0.0,-9.095986689340828,-0.3923951304339736,0.0,pid_27012,KL006,1
7,11,-0.1843061320867173,-0.0031376732716366,0.0,-2.0273674529538903,-0.034514405988003,0.0,pid_27012,KL006,1
8,21,-0.1372528968248476,0.0055274709457138,0.0,-2.8823108333217995,0.1160768898599916,0.0,pid_27012,KL006,1
9,79,-0.1368199694362319,0.0044888202402253,-0.0253164556962025,-10.80877758546232,0.3546167989778044,-2.0,pid_27012,KL006,1
1,3,-0.1502032456531504,0.0145767903168864,0.0,-0.4506097369594513,0.0437303709506594,0.0,pid_28004,KL001,1
2,31,-0.0632941123191099,0.0178568513170506,-0.032258064516129,-1.9621174818924096,0.5535623908285686,-1.0,pid_28004,KL001,1
3,3,-0.1280805938255492,0.0126641304017289,0.0,-0.3842417814766477,0.0379923912051867,0.0,pid_28004,KL001,1
4,38,-0.0898097667010975,0.0133313902279465,0.0,-3.4127711346417056,0.5065928286619676,0.0,pid_28004,KL001,1
5,13,-0.1156175371086023,0.0093842980724393,0.0,-1.5030279824118304,0.1219958749417114,0.0,pid_28004,KL001,1
6,102,-0.1789674061143303,-0.0031909473018274,-0.0098039215686274,-18.2546754236617,-0.3254766247863957,-1.0,pid_28004,KL001,1
7,41,-0.080362030967512,0.0132888921271767,0.0,-3.2948432696679943,0.5448445772142467,0.0,pid_28004,KL001,1
1,20,-0.0621741011019988,0.0200211211487948,0.0,-1.2434820220399767,0.4004224229758964,0.0,pid_28004,KL002,1
2,185,-0.1530638222821877,0.0012775241160944,0.0,-28.31680712220473,0.2363419614774695,0.0,pid_28004,KL002,1
1,45,-0.1407219514492012,0.0035485721085196,0.0,-6.332487815214054,0.1596857448833857,0.0,pid_28004,KL004,1
2,33,-0.1842141452638428,-0.0039284108750943,0.0,-6.079066793706812,-0.129637558878112,0.0,pid_28004,KL004,1
3,50,-0.2002691672909022,-0.0060449338559543,0.0,-10.013458364545114,-0.3022466927977199,0.0,pid_28004,KL004,1
1,129,-0.1534798900978088,0.0009869958658037,0.0,-19.798905822617336,0.1273224666886829,0.0,pid_28004,KL006,1
2,14,-0.2368416052887223,-0.0136108394951272,0.0,-3.3157824740421127,-0.190551752931782,0.0,pid_28004,KL006,1
3,5,-0.1101143328349074,0.0152984791866428,0.0,-0.5505716641745373,0.0764923959332144,0.0,pid_28004,KL006,1
4,60,-0.1065497783315983,0.010090156419544,0.0,-6.3929866998959,0.6054093851726412,0.0,pid_28004,KL006,1
5,59,-0.1433558360619833,0.0032260796896028,0.0,-8.457994327657016,0.1903387016865699,0.0,pid_28004,KL006,1
1,18,-0.0623437101500589,0.0193435924656916,0.0,-1.1221867827010614,0.3481846643824487,0.0,pid_29760,KL001,1
2,16,-0.1319983921256329,0.0070434498487672,0.0,-2.1119742740101275,0.1126951975802755,0.0,pid_29760,KL001,1
3,67,-0.1395673123702971,0.0034846244342504,0.0,-9.351009928809908,0.2334698370947812,0.0,pid_29760,KL001,1
4,15,-0.2381765723262253,-0.0129642384792459,-0.0666666666666666,-3.57264858489338,-0.1944635771886889,-1.0,pid_29760,KL001,1
5,27,-0.1331698876575057,0.0050882649068692,-0.074074074074074,-3.595586966752654,0.1373831524854692,-2.0,pid_29760,KL001,1
6,51,-0.1561320084382141,0.0007893334018011,0.0,-7.9627324303489235,0.0402560034918569,0.0,pid_29760,KL001,1
1,28,-0.2094996824397518,-0.0090959464338422,0.0,-5.865991108313052,-0.2546865001475831,0.0,pid_29760,KL003,1
2,43,-0.220033496959077,-0.0097863772185308,0.0,-9.461440369240313,-0.4208142203968257,0.0,pid_29760,KL003,1
3,79,-0.15176512176239,0.0018139157932765,0.0,-11.989444619228816,0.1432993476688453,0.0,pid_29760,KL003,1
4,70,-0.1377096879512332,0.0035582811992738,-0.1,-9.639678156586326,0.2490796839491712,-7.0,pid_29760,KL003,1
1,29,-0.1489126624808704,0.0019307628198499,0.0,-4.318467211945243,0.0559921217756487,0.0,pid_29760,KL004,1
2,141,-0.1609090075072229,-0.0006182446724968,0.0,-22.68817005851844,-0.087172498822051,0.0,pid_29760,KL004,1
3,4,-0.1402805676163508,0.0073435687776112,0.0,-0.5611222704654033,0.0293742751104451,0.0,pid_29760,KL004,1
4,64,-0.1207964594693407,0.0076957494026704,-0.0625,-7.730973406037809,0.4925279617709089,-4.0,pid_29760,KL004,1
5,12,-0.101594827164589,0.0132221532856601,0.0,-1.219137925975068,0.1586658394279219,0.0,pid_29760,KL004,1
6,46,-0.2165594064114939,-0.0100621483381203,0.0,-9.961732694928722,-0.4628588235535373,0.0,pid_29760,KL004,1
7,46,-0.1443912751510347,0.0027105862744374,0.0,-6.6419986569476,0.1246869686241218,0.0,pid_29760,KL004,1
1,54,-0.1081082168961207,0.0092655979313714,-0.0185185185185185,-5.83784371239052,0.5003422882940561,-1.0,pid_29760,KL006,1
2,7,-0.0837038965688145,0.0181897956207032,0.0,-0.5859272759817021,0.1273285693449229,0.0,pid_29760,KL006,1
3,17,-0.1829004125487808,-0.003887139700097,0.0,-3.109307013329274,-0.0660813749016496,0.0,pid_29760,KL006,1
4,67,-0.1682673339102801,-0.0017723042394944,-0.044776119402985,-11.273911371988769,-0.1187443840461278,-3.0,pid_29760,KL006,1
5,144,-0.152009261566913,-0.000248431344415,-0.0138888888888888,-21.889333665635476,-0.035774113595771,-2.0,pid_29760,KL006,1
1,53,-0.1748729586627173,-0.0020689839047697,0.0,-9.268266809124018,-0.1096561469527983,0.0,pid_33172,KL001,1
2,25,-0.1615757836393707,8.922128582813826e-05,0.0,-4.039394590984268,0.0022305321457034,0.0,pid_33172,KL001,1
3,48,-0.2008626873391896,-0.0069059589064905,-0.0416666666666666,-9.641408992281104,-0.3314860275115461,-2.0,pid_33172,KL001,1
1,1,-0.253255826825454,0.0133124393883889,0.0,-0.253255826825454,0.0133124393883889,0.0,pid_33172,KL002,1
2,22,-0.0877659976535392,0.0145533815669344,-0.0454545454545454,-1.930851948377864,0.3201743944725588,-1.0,pid_33172,KL002,1
3,20,-0.0804033785349661,0.015379088077026,0.0,-1.6080675706993235,0.3075817615405208,0.0,pid_33172,KL002,1
4,28,-0.1254968175256528,0.0072374390094831,-0.1785714285714285,-3.513910890718281,0.2026482922655275,-5.0,pid_33172,KL002,1
5,18,-0.1067090921601299,0.0095480639178072,-0.0555555555555555,-1.9207636588823396,0.1718651505205309,-1.0,pid_33172,KL002,1
6,44,-0.0881737729198662,0.0132239622854245,0.0,-3.8796460084741136,0.5818543405586782,0.0,pid_33172,KL002,1
1,7,-0.1571878918829814,0.0027472581143961,0.0,-1.1003152431808705,0.0192308068007733,0.0,pid_33172,KL003,1
2,16,-0.1674591123860085,-0.0007879703885355,0.0,-2.679345798176137,-0.0126075262165693,0.0,pid_33172,KL003,1
3,19,-0.1018816752565697,0.0104195872304283,0.0,-1.9357518298748249,0.1979721573781387,0.0,pid_33172,KL003,1
4,17,-0.1315222661783721,0.0056709896252458,0.0,-2.235878525032327,0.0964068236291801,0.0,pid_33172,KL003,1
5,40,-0.1910529976768437,-0.0057003033784772,0.0,-7.642119907073749,-0.2280121351390884,0.0,pid_33172,KL003,1
6,7,-0.1556742053447872,0.0029772483502039,0.0,-1.0897194374135106,0.0208407384514277,0.0,pid_33172,KL003,1
7,47,-0.1786205533147706,-0.0034979895376308,-0.0851063829787234,-8.39516600579422,-0.1644055082686504,-4.0,pid_33172,KL003,1
8,27,-0.1948348659824682,-0.0056823703555242,0.0,-5.260541381526643,-0.1534239995991538,0.0,pid_33172,KL003,1
1,10,-0.1619225235180799,0.0019606877506047,0.0,-1.6192252351808,0.0196068775060476,0.0,pid_33172,KL004,1
2,46,-0.199832798268487,-0.0073937000432663,0.0,-9.192308720350402,-0.3401102019902537,0.0,pid_33172,KL004,1
3,25,-0.0855802661852705,0.015113083765139,0.0,-2.1395066546317647,0.3778270941284751,0.0,pid_33172,KL004,1
4,16,-0.1733900291231045,-0.0020789686214339,-0.1875,-2.774240465969673,-0.0332634979429425,-3.0,pid_33172,KL004,1
5,207,-0.1498848238766781,0.0012370712870949,-0.0048309178743961,-31.026158542472363,0.2560737564286588,-1.0,pid_33172,KL004,1
1,9,-0.1696145431158494,0.0021576122296492,0.0,-1.5265308880426447,0.0194185100668434,0.0,pid_33172,KL005,1
2,120,-0.1594676431529134,-3.559545640534067e-05,0.0,-19.13611717834961,-0.0042714547686408,0.0,pid_33172,KL005,1
1,31,-0.1384609663120638,0.0045172944654912,0.0,-4.29228995567398,0.1400361284302291,0.0,pid_33172,KL006,1
2,89,-0.1401200886429074,0.0036263944140679,-0.0112359550561797,-12.470687889218766,0.3227491028520504,-1.0,pid_33172,KL006,1
3,37,-0.1830085011389656,-0.0031241448285704,-0.054054054054054,-6.771314542141729,-0.1155933586571057,-2.0,pid_33172,KL006,1
4,54,-0.1137862408689363,0.0065960514752283,-0.074074074074074,-6.144457006922564,0.3561867796623282,-4.0,pid_33172,KL006,1
1,16,-0.1576496853574612,0.0011692997842417,0.0,-2.5223949657193803,0.0187087965478682,0.0,pid_34688,KL001,1
2,7,-0.1547679193251949,0.004920244573449,0.0,-1.0833754352763645,0.0344417120141436,0.0,pid_34688,KL001,1
3,3,-0.0702475866179603,0.0204186088425032,0.0,-0.2107427598538811,0.0612558265275096,0.0,pid_34688,KL001,1
4,4,-0.1387427312507767,0.0111654776772989,0.0,-0.5549709250031071,0.0446619107091957,0.0,pid_34688,KL001,1
5,43,-0.1746217828474325,-0.002042668644562,0.0,-7.508736662439598,-0.0878347517161698,0.0,pid_34688,KL001,1
6,14,-0.1899099626031515,-0.004943941905578,0.0,-2.658739476444122,-0.0692151866780933,0.0,pid_34688,KL001,1
7,9,-0.159687642030397,0.0015071290913468,-0.1111111111111111,-1.4371887782735735,0.0135641618221219,-1.0,pid_34688,KL001,1
8,34,-0.1380496689249564,0.0044943897320154,-0.0294117647058823,-4.69368874344852,0.1528092508885267,-1.0,pid_34688,KL001,1
9,80,-0.1456379413985772,0.0030197239972775,0.0,-11.651035311886178,0.2415779197822004,0.0,pid_34688,KL001,1
10,46,-0.0818068566004068,0.0145449166414581,0.0,-3.763115403618717,0.6690661655070745,0.0,pid_34688,KL001,1
11,40,-0.2119671436009302,-0.0094408223398427,0.0,-8.478685744037211,-0.3776328935937093,0.0,pid_34688,KL001,1
1,46,-0.1810636555747615,-0.0036085033116895,-0.0652173913043478,-8.32892815643903,-0.1659911523377215,-3.0,pid_34688,KL002,1
2,42,-0.1201718524798614,0.0075073964171325,0.0,-5.047217804154182,0.3153106495195658,0.0,pid_34688,KL002,1
3,53,-0.1906012484201713,-0.0042899323233266,0.0,-10.10186616626908,-0.2273664131363145,0.0,pid_34688,KL002,1
4,21,-0.1105878326059699,0.0095756497701697,0.0,-2.322344484725368,0.2010886451735641,0.0,pid_34688,KL002,1
5,18,-0.2455613072068317,-0.0149592624191858,0.0,-4.420103529722971,-0.2692667235453457,0.0,pid_34688,KL002,1
6,44,-0.1337139703860444,0.0041181302074379,0.0,-5.8834146969859535,0.1811977291272698,0.0,pid_34688,KL002,1
7,33,-0.1972366406019574,-0.0063581462246271,0.0,-6.508809139864597,-0.2098188254126944,0.0,pid_34688,KL002,1
8,53,-0.1071829015403475,0.0089960875805157,-0.1132075471698113,-5.680693781638421,0.4767926417673345,-6.0,pid_34688,KL002,1
1,15,-0.0674964030954501,0.017651788048851,-0.2,-1.0124460464317528,0.2647768207327662,-3.0,pid_34688,KL003,1
2,26,-0.1782362160962759,-0.0032328596963561,0.0,-4.634141618503175,-0.0840543521052609,0.0,pid_34688,KL003,1
3,13,-0.0792338244127015,0.0155879949820456,0.0,-1.03003971736512,0.2026439347665931,0.0,pid_34688,KL003,1
4,34,-0.2128721862999362,-0.0068152562150026,0.0,-7.237654334197833,-0.2317187113100912,0.0,pid_34688,KL003,1
5,22,-0.2276202514646358,-0.0111097307183142,0.0,-5.007645532221989,-0.2444140758029145,0.0,pid_34688,KL003,1
6,21,-0.0885574675546936,0.013086301911357,0.0,-1.8597068186485652,0.2748123401384986,0.0,pid_34688,KL003,1
7,20,-0.1265159312796116,0.0071745224952311,0.0,-2.5303186255922334,0.1434904499046225,0.0,pid_34688,KL003,1
8,48,-0.1432963299442694,0.002988521552928,-0.1041666666666666,-6.878223837324933,0.1434490345405449,-5.0,pid_34688,KL003,1
9,44,-0.0535639124787711,0.0158602704578665,0.0,-2.356812149065932,0.6978519001461302,0.0,pid_34688,KL003,1
10,74,-0.1466340268025721,0.0019860095750777,0.0,-10.850917983390335,0.1469647085557518,0.0,pid_34688,KL003,1
1,41,-0.2098153230373894,-0.0089614533149676,0.0,-8.602428244532968,-0.3674195859136733,0.0,pid_34688,KL005,1
2,19,-0.2142463070089453,-0.0098909125191799,0.0,-4.070679833169962,-0.1879273378644195,0.0,pid_34688,KL005,1
3,58,-0.1411139759456644,0.0037811780409942,0.0,-8.184610604848539,0.2193083263776637,0.0,pid_34688,KL005,1
4,31,-0.1983682016530084,-0.0061414298930759,0.0,-6.149414251243261,-0.1903843266853536,0.0,pid_34688,KL005,1
5,19,-0.2169276777603302,-0.0101755642393172,0.0,-4.121625877446276,-0.1933357205470286,0.0,pid_34688,KL005,1
6,47,-0.1222161292191562,0.0072622495150556,-0.0425531914893617,-5.744158073300343,0.3413257272076136,-2.0,pid_34688,KL005,1
1,14,-0.1721760082697889,0.0010906881911999,0.0,-2.410464115777045,0.0152696346767996,0.0,pid_34688,KL006,1
2,7,-0.1806791940215517,-0.0011409530337329,0.0,-1.264754358150862,-0.0079866712361307,0.0,pid_34688,KL006,1
3,76,-0.1508570131075464,0.0016523883552723,-0.0131578947368421,-11.465132996173532,0.1255815150006955,-1.0,pid_34688,KL006,1
1,12,-0.1936460070849356,-0.0042974912369452,0.0,-2.323752085019228,-0.0515698948433427,0.0,pid_35512,KL001,1
2,28,-0.1851719760951213,-0.0040901739957452,-0.1428571428571428,-5.184815330663397,-0.114524871880866,-4.0,pid_35512,KL001,1
3,40,-0.1598985917882506,-0.0003918826883056,0.0,-6.395943671530025,-0.0156753075322244,0.0,pid_35512,KL001,1
4,13,-0.0529269990371126,0.0205376779860331,0.0,-0.6880509874824644,0.2669898138184312,0.0,pid_35512,KL001,1
5,77,-0.1560157862221807,0.0013961282804721,0.0,-12.01321553910792,0.1075018775963582,0.0,pid_35512,KL001,1
1,71,-0.196473107679467,-0.0056808808013712,0.0,-13.949590645242155,-0.403342536897362,0.0,pid_35512,KL002,1
2,47,-0.1775563366240024,-0.0029225979155913,-0.1276595744680851,-8.345147821328116,-0.1373621020327951,-6.0,pid_35512,KL002,1
3,102,-0.1176564936507277,0.0069456913096364,0.0,-12.00096235237423,0.7084605135829154,0.0,pid_35512,KL002,1
4,50,-0.1784380844350943,-0.0035980442514601,0.0,-8.921904221754719,-0.1799022125730085,0.0,pid_35512,KL002,1
5,67,-0.1297678065464907,0.0057911500360008,-0.0149253731343283,-8.694443038614882,0.3880070524120556,-1.0,pid_35512,KL002,1
6,133,-0.1515075452989362,0.0020252693437201,-0.0225563909774436,-20.150503524758527,0.2693608227147859,-3.0,pid_35512,KL002,1
1,13,-0.1501048712913581,0.0023999257595565,0.0,-1.951363326787656,0.0311990348742346,0.0,pid_35512,KL003,1
2,16,-0.2018620519554815,-0.0071119621232397,0.0,-3.229792831287704,-0.1137913939718359,0.0,pid_35512,KL003,1
3,189,-0.1590048185437287,2.4860749040570464e-05,0.0,-30.05191070476473,0.0046986815686678,0.0,pid_35512,KL003,1
1,71,-0.1894826066992811,-0.0058246082504756,-0.0140845070422535,-13.45326507564896,-0.4135471857837706,-1.0,pid_35512,KL006,1
2,54,-0.1349118683483416,0.0048635339096752,-0.037037037037037,-7.285240890810449,0.2626308311224647,-2.0,pid_35512,KL006,1
1,15,-0.1625241058076969,0.0017960848331734,0.0,-2.4378615871154543,0.0269412724976015,0.0,pid_37536,KL001,1
2,7,-0.0698198517382808,0.0194233414113692,0.0,-0.4887389621679657,0.1359633898795849,0.0,pid_37536,KL001,1
3,77,-0.1595829067962205,0.0013231810059945,0.0,-12.28788382330898,0.1018849374615826,0.0,pid_37536,KL001,1
4,74,-0.1466576909009506,0.002199855520355,0.0,-10.852669126670346,0.162789308506271,0.0,pid_37536,KL001,1
5,119,-0.1785300986924425,-0.0027308972628729,0.0,-21.245081744400657,-0.3249767742818755,0.0,pid_37536,KL001,1
6,42,-0.1275697767452914,0.0063581830344233,0.0,-5.357930623302239,0.2670436874457809,0.0,pid_37536,KL001,1
7,60,-0.1399610618231819,0.0043755302426459,0.0,-8.397663709390915,0.2625318145587543,0.0,pid_37536,KL001,1
1,36,-0.1810356489138471,-0.0029648895935297,0.0,-6.517283360898497,-0.1067360253670699,0.0,pid_37536,KL002,1
2,27,-0.1599214503043333,-0.0007940471867548,0.0,-4.317879158217002,-0.0214392740423812,0.0,pid_37536,KL002,1
3,101,-0.1512900250646382,0.0017337668097311,0.0,-15.280292531528463,0.1751104477828428,0.0,pid_37536,KL002,1
1,71,-0.1571980663059102,0.0006439968245776,0.0,-11.16106270771963,0.0457237745450114,0.0,pid_37536,KL004,1
2,54,-0.150685284356165,0.001811964754305,0.0,-8.13700535523291,0.0978460967324738,0.0,pid_37536,KL004,1
1,27,-0.1607410585360919,0.0002152647027513,0.0,-4.340008580474483,0.0058121469742865,0.0,pid_37536,KL006,1
2,2,-0.1861081249611161,0.0072622418470175,0.0,-0.3722162499222322,0.014524483694035,0.0,pid_37536,KL006,1
3,8,-0.1452963170754207,0.0045306661455606,0.0,-1.162370536603366,0.0362453291644854,0.0,pid_37536,KL006,1
4,60,-0.1811112482112031,-0.0040247247203946,0.0,-10.866674892672188,-0.2414834832236819,0.0,pid_37536,KL006,1
5,32,-0.1180964732098038,0.0080674462568138,0.0,-3.779087142713724,0.2581582802180442,0.0,pid_37536,KL006,1
6,134,-0.1454887022733446,0.0029727281977536,0.0,-19.49548610462819,0.3983455784989887,0.0,pid_37536,KL006,1
1,51,-0.1059907495507002,0.0097564164320954,0.0,-5.405528227085713,0.4975772380368702,0.0,pid_39096,KL003,1
2,42,-0.1388300898162151,0.0039026550201855,0.0,-5.830863772281036,0.1639115108477917,0.0,pid_39096,KL003,1
3,21,-0.2006123512841993,-0.0059935228179482,0.0,-4.2128593769681855,-0.1258639791769127,0.0,pid_39096,KL003,1
4,72,-0.1299991631312335,0.0051578307751705,0.0,-9.359939745448814,0.3713638158122815,0.0,pid_39096,KL003,1
5,76,-0.1194994650486402,0.0067716131426918,0.0,-9.081959343696658,0.5146425988445802,0.0,pid_39096,KL003,1
1,79,-0.1671797682207375,-0.002243591270471,0.0,-13.207201689438262,-0.1772437103672107,0.0,pid_39096,KL004,1
1,34,-0.0763733410731226,0.0158739129547846,-0.0294117647058823,-2.5966935964861717,0.5397130404626769,-1.0,pid_39096,KL005,1
2,30,-0.1784519063463207,-0.0014805451721258,0.0,-5.353557190389622,-0.0444163551637748,0.0,pid_39096,KL005,1
3,80,-0.1785315711973036,-0.003569701287897,0.0,-14.282525695784289,-0.2855761030317635,0.0,pid_39096,KL005,1
4,48,-0.1331001336065972,0.0049235972396795,0.0,-6.388806413116669,0.2363326675046193,0.0,pid_39096,KL005,1
5,23,-0.1882993989999732,-0.0047908734088099,0.0,-4.330886176999385,-0.1101900884026285,0.0,pid_39096,KL005,1
6,153,-0.146237515008334,0.0022576360539614,0.0,-22.374339796275112,0.3454183162561033,0.0,pid_39096,KL005,1
1,33,-0.1047807055729239,0.0099299795122341,-0.0303030303030303,-3.457763283906491,0.3276893239037272,-1.0,pid_39096,KL006,1
2,52,-0.1633658884835842,-0.0006494251977641,0.0,-8.495026201146382,-0.0337701102837357,0.0,pid_39096,KL006,1
1,27,-0.198171207731794,-0.006610484529009,0.0,-5.350622608758439,-0.1784830822832443,0.0,pid_39536,KL001,1
2,5,-0.1080136163729748,0.0155604688669902,0.0,-0.5400680818648744,0.077802344334951,0.0,pid_39536,KL001,1
3,31,-0.1010529736853499,0.0113714295153004,-0.032258064516129,-3.132642184245848,0.3525143149743152,-1.0,pid_39536,KL001,1
4,28,-0.1103158700598437,0.0091875325559416,0.0,-3.0888443616756254,0.257250911566365,0.0,pid_39536,KL001,1
5,21,-0.1021016122526757,0.0114726415283533,0.0,-2.1441338573061897,0.2409254720954199,0.0,pid_39536,KL001,1
6,33,-0.0705125633374513,0.0151900136782082,0.0,-2.326914590135894,0.5012704513808715,0.0,pid_39536,KL001,1
7,24,-0.1163675071610512,0.0085245707811086,-0.0833333333333333,-2.792820171865229,0.2045896987466072,-2.0,pid_39536,KL001,1
8,44,-0.1834146033585705,-0.0043698889374476,0.0,-8.070242547777104,-0.1922751132476963,0.0,pid_39536,KL001,1
1,59,-0.0881187179761923,0.0115132468889952,0.0,-5.1990043605953495,0.67928156645072,0.0,pid_39536,KL003,1
2,10,-0.0935052765707078,0.0154473912859027,0.0,-0.9350527657070784,0.1544739128590275,0.0,pid_39536,KL003,1
3,70,-0.1841173683792927,-0.0033559371896055,-0.0142857142857142,-12.88821578655049,-0.2349156032723854,-1.0,pid_39536,KL003,1
1,1,-0.3120448432182661,-0.0081222301216246,0.0,-0.3120448432182661,-0.0081222301216246,0.0,pid_39536,KL004,1
2,40,-0.1802635648344102,-0.0034649033492765,0.0,-7.21054259337641,-0.1385961339710639,0.0,pid_39536,KL004,1
1,10,-0.1379369853588728,0.0048249777466408,0.0,-1.3793698535887282,0.0482497774664084,0.0,pid_39536,KL005,1
2,17,-0.1811187727917824,-0.0021068644954225,0.0,-3.079019137460301,-0.0358166964221833,0.0,pid_39536,KL005,1
3,7,-0.140671102923031,0.0060925037285879,0.0,-0.9846977204612172,0.0426475261001157,0.0,pid_39536,KL005,1
4,150,-0.1486910943336802,0.0011096097616104,-0.0133333333333333,-22.30366415005203,0.1664414642415708,-2.0,pid_39536,KL005,1
5,60,-0.1306582789087948,0.0053239862709764,-0.0666666666666666,-7.839496734527691,0.3194391762585887,-4.0,pid_39536,KL005,1
6,7,-0.1194041497641567,0.0128164203448114,0.0,-0.835829048349097,0.0897149424136802,0.0,pid_39536,KL005,1
7,135,-0.1261334315909109,0.0054036278693771,-0.0074074074074074,-17.02801326477298,0.7294897623659099,-1.0,pid_39536,KL005,1
1,34,-0.1026235233561182,0.0107467985976929,0.0,-3.489199794108021,0.3653911523215606,0.0,pid_39536,KL006,1
2,14,-0.0561618185461635,0.0202166758187777,0.0,-0.7862654596462897,0.2830334614628877,0.0,pid_39536,KL006,1
3,25,-0.1179475695853122,0.0079431286885319,0.0,-2.9486892396328064,0.1985782172132992,0.0,pid_39536,KL006,1
4,11,-0.1147427451636287,0.0094108412991509,0.0,-1.2621701967999162,0.1035192542906608,0.0,pid_39536,KL006,1
5,13,-0.1736889874561506,-0.0020376816342025,-0.3076923076923077,-2.2579568369299583,-0.0264898612446332,-4.0,pid_39536,KL006,1
6,36,-0.2320127282580028,-0.0125182682904419,0.0,-8.3524582172881,-0.4506576584559101,0.0,pid_39536,KL006,1
1,3,-0.1235500494716217,0.0141080276682405,0.0,-0.3706501484148652,0.0423240830047217,0.0,pid_3968,KL003,1
2,29,-0.11074343211366,0.009583958564307,-0.0689655172413793,-3.211559531296141,0.2779347983649053,-2.0,pid_3968,KL003,1
3,10,-0.1897905213748207,-0.0039766892884988,0.0,-1.897905213748208,-0.0397668928849881,0.0,pid_3968,KL003,1
4,19,-0.2119013435581713,-0.0082021565486779,0.0,-4.026125527605256,-0.155840974424881,0.0,pid_3968,KL003,1
5,3,-0.1824489657477638,0.0044829406041419,0.0,-0.5473468972432914,0.0134488218124259,0.0,pid_3968,KL003,1
6,78,-0.1311762688214479,0.0055010471813327,0.0,-10.231748968072935,0.4290816801439536,0.0,pid_3968,KL003,1
1,46,-0.2227486956656332,-0.0110152942951257,-0.0217391304347826,-10.246440000619128,-0.5067035375757849,-1.0,pid_3968,KL004,1
2,73,-0.1618761344922052,0.0007505300146444,0.0,-11.816957817930986,0.0547886910690478,0.0,pid_3968,KL004,1
3,148,-0.1571343766513964,0.0014991249620745,0.0,-23.25588774440668,0.2218704943870267,0.0,pid_3968,KL004,1
4,54,-0.1302712120954449,0.006068811299372,-0.0185185185185185,-7.034645453154026,0.3277158101660882,-1.0,pid_3968,KL004,1
5,97,-0.1453443450011106,0.002489794543028,0.0,-14.098401465107736,0.2415100706737196,0.0,pid_3968,KL004,1
1,62,-0.1559158635704122,0.0008038443210468,0.0,-9.66678354136556,0.0498383479049044,0.0,pid_3968,KL006,1
1,36,-0.1322798624023184,0.0053422136270666,0.0,-4.762075046483463,0.1923196905744002,0.0,pid_40300,KL001,1
2,21,-0.2188935864532997,-0.0098854618406781,0.0,-4.596765315519295,-0.2075946986542404,0.0,pid_40300,KL001,1
3,52,-0.1795829336515284,-0.0036349970116848,-0.0192307692307692,-9.33831254987948,-0.1890198446076106,-1.0,pid_40300,KL001,1
4,26,-0.1643369310032925,-0.0007503365182244,0.0,-4.272760206085606,-0.0195087494738355,0.0,pid_40300,KL001,1
5,19,-0.0572518028545946,0.0182027250452313,0.0,-1.0877842542372984,0.3458517758593961,0.0,pid_40300,KL001,1
6,13,-0.0613034625949304,0.019318604317018,-0.0769230769230769,-0.7969450137340958,0.2511418561212349,-1.0,pid_40300,KL001,1
7,34,-0.1842763919679274,-0.0038221511030283,0.0,-6.265397326909533,-0.1299531375029637,0.0,pid_40300,KL001,1
1,93,-0.1612535495057927,-0.0007065059167248,-0.010752688172043,-14.996580104038726,-0.065705050255407,-1.0,pid_40300,KL002,1
2,44,-0.228456136820162,-0.0124844212604254,-0.0227272727272727,-10.052070020087127,-0.5493145354587212,-1.0,pid_40300,KL002,1
3,36,-0.0711924614891207,0.0169080048647753,-0.0277777777777777,-2.5629286136083484,0.6086881751319139,-1.0,pid_40300,KL002,1
4,15,-0.1269402969598655,0.0076834169563944,0.0,-1.9041044543979824,0.1152512543459169,0.0,pid_40300,KL002,1
5,29,-0.0860091056829137,0.0138960723204998,0.0,-2.4942640648044985,0.4029860972944964,0.0,pid_40300,KL002,1
6,20,-0.2028407610893892,-0.0045456505390983,-0.05,-4.056815221787785,-0.0909130107819673,-1.0,pid_40300,KL002,1
7,24,-0.0652846905564175,0.0176094532501682,0.0,-1.5668325733540218,0.4226268780040378,0.0,pid_40300,KL002,1
8,47,-0.1447331696252987,0.0035071081834273,0.0,-6.802458972389043,0.1648340846210871,0.0,pid_40300,KL002,1
1,29,-0.1686385819145749,-0.0008460022656756,0.0,-4.890518875522673,-0.0245340657045944,0.0,pid_40300,KL003,1
2,27,-0.1783295597412513,-0.0031032076913054,-0.1481481481481481,-4.814898113013786,-0.0837866076652465,-4.0,pid_40300,KL003,1
3,73,-0.1946794104072448,-0.004996093726405,-0.0136986301369863,-14.211596959728874,-0.3647148420275664,-1.0,pid_40300,KL003,1
1,76,-0.1532669641206871,0.0011461608595422,-0.0131578947368421,-11.648289273172225,0.0871082253252145,-1.0,pid_40300,KL005,1
2,148,-0.162473451225086,-0.0006241432677856,-0.0067567567567567,-24.04607078131274,-0.0923732036322804,-1.0,pid_40300,KL005,1
3,22,-0.1074373707549892,0.009971850276323,-0.0454545454545454,-2.363622156609763,0.2193807060791073,-1.0,pid_40300,KL005,1
4,87,-0.1504504740517474,0.0002195940448948,0.0,-13.08919124250203,0.0191046819058515,0.0,pid_40300,KL005,1
5,29,-0.0820691889997482,0.0130915637476034,0.0,-2.3800064809926997,0.3796553486805006,0.0,pid_40300,KL005,1
1,3,-0.0475714370784328,0.024927914138904,-0.3333333333333333,-0.1427143112352986,0.0747837424167122,-1.0,pid_40300,KL006,1
2,29,-0.0606528201683688,0.0185756625261253,-0.1034482758620689,-1.7589317848826966,0.5386942132576339,-3.0,pid_40300,KL006,1
3,45,-0.0655454256835757,0.018385532337993,0.0,-2.949544155760909,0.8273489552096879,0.0,pid_40300,KL006,1
4,12,-0.0874611566003364,0.0152563262745534,0.0,-1.049533879204037,0.1830759152946415,0.0,pid_40300,KL006,1
5,14,-0.2232557881832106,-0.0113516728294757,0.0,-3.125581034564949,-0.1589234196126607,0.0,pid_40300,KL006,1
6,96,-0.169740644010583,-7.006724430067811e-05,0.0,-16.295101825015973,-0.006726455452865,0.0,pid_40300,KL006,1
1,143,-0.1383811165601668,0.0040709198952637,0.0,-19.788499668103864,0.5821415450227099,0.0,pid_45628,KL001,1
2,104,-0.1516257640527371,0.0005631695300035,0.0,-15.769079461484663,0.0585696311203668,0.0,pid_45628,KL001,1
3,38,-0.1299561258127701,0.0054070523222681,0.0,-4.938332780885265,0.2054679882461894,0.0,pid_45628,KL001,1
4,19,-0.2103947017856521,-0.009771044027561,-0.0526315789473684,-3.997499333927391,-0.1856498365236608,-1.0,pid_45628,KL001,1
5,50,-0.1307419567293228,0.0042107253040052,0.0,-6.537097836466144,0.2105362652002631,0.0,pid_45628,KL001,1
6,58,-0.1175311595905157,0.0076447391374214,0.0,-6.816807256249911,0.4433948699704468,0.0,pid_45628,KL001,1
7,29,-0.0631960199731378,0.0180120036137363,0.0,-1.8326845792209976,0.5223481047983531,0.0,pid_45628,KL001,1
1,20,-0.2252537869362313,-0.0118598160036059,0.0,-4.505075738724626,-0.2371963200721198,0.0,pid_45628,KL004,1
2,78,-0.1319680186484413,0.0050012691344596,-0.0128205128205128,-10.293505454578424,0.3900989924878492,-1.0,pid_45628,KL004,1
3,10,-0.1034602739867102,0.0123778587148802,0.0,-1.0346027398671027,0.1237785871488021,0.0,pid_45628,KL004,1
4,4,-0.0886047336533144,0.016953581398404,0.0,-0.3544189346132579,0.067814325593616,0.0,pid_45628,KL004,1
5,59,-0.1761080986518599,-0.0027480646149508,0.0,-10.390377820459737,-0.162135812282103,0.0,pid_45628,KL004,1
1,12,-0.1536726471917352,0.0027344864455342,0.0,-1.8440717663008228,0.0328138373464107,0.0,pid_45628,KL005,1
2,33,-0.1819763409492116,-0.0034103689119881,-0.0909090909090909,-6.005219251323983,-0.1125421740956101,-3.0,pid_45628,KL005,1
3,14,-0.1087069153445554,0.0116006108633507,0.0,-1.5218968148237768,0.1624085520869103,0.0,pid_45628,KL005,1
4,3,-0.1118297468972209,0.0168718668266692,0.0,-0.3354892406916629,0.0506156004800076,0.0,pid_45628,KL005,1
5,59,-0.1657004849447425,-0.0016498564805846,-0.0677966101694915,-9.776328611739808,-0.0973415323544922,-4.0,pid_45628,KL005,1
1,54,-0.0806715820668884,0.0143738739287695,0.0,-4.356265431611974,0.7761891921535531,0.0,pid_45628,KL006,1
2,22,-0.1840151129823085,-0.0033397858422613,0.0,-4.048332485610788,-0.0734752885297498,0.0,pid_45628,KL006,1
3,25,-0.203452283164914,-0.0076338332138275,0.0,-5.086307079122852,-0.1908458303456895,0.0,pid_45628,KL006,1
4,115,-0.1617099836113343,-0.0003972927604257,-0.008695652173913,-18.59664811530345,-0.0456886674489654,-1.0,pid_45628,KL006,1
5,2,-0.1075554169010006,0.0192590027060282,0.0,-0.2151108338020013,0.0385180054120565,0.0,pid_45628,KL006,1
6,70,-0.1067031225922787,0.0097060927534322,0.0,-7.469218581459516,0.679426492740254,0.0,pid_45628,KL006,1
1,17,-0.1412629990599389,0.0038835585234222,0.0,-2.4014709840189625,0.0660204948981783,0.0,pid_8964,KL002,1
2,33,-0.2204767688770483,-0.0110368388778988,0.0,-7.275733372942594,-0.3642156829706635,0.0,pid_8964,KL002,1
3,28,-0.1496429748039539,0.0014035908512358,0.0,-4.190003294510711,0.0393005438346026,0.0,pid_8964,KL002,1
4,93,-0.1498033417682232,0.0014296283016799,0.0,-13.931710784444762,0.1329554320562386,0.0,pid_8964,KL002,1
5,33,-0.063061494368505,0.0185218273420313,0.0,-2.081029314160667,0.6112203022870352,0.0,pid_8964,KL002,1
1,18,-0.2122821011199969,-0.0085811880036617,0.0,-3.8210778201599456,-0.1544613840659109,0.0,pid_8964,KL003,1
2,35,-0.1681919086878636,-0.0012769865005682,-0.0571428571428571,-5.886716804075229,-0.044694527519889,-2.0,pid_8964,KL003,1
3,5,-0.0883895160878471,0.0172127186425607,0.0,-0.4419475804392359,0.0860635932128037,0.0,pid_8964,KL003,1
4,6,-0.0613611184555167,0.0198567305662413,0.0,-0.3681667107331003,0.119140383397448,0.0,pid_8964,KL003,1
5,19,-0.0729061572505588,0.0173674509239299,0.0,-1.385216987760618,0.3299815675546696,0.0,pid_8964,KL003,1
6,14,-0.0610615935996851,0.020915562984046,0.0,-0.8548623103955924,0.2928178817766446,0.0,pid_8964,KL003,1
7,46,-0.1301593853485062,0.0066682665409098,-0.0434782608695652,-5.987331726031288,0.3067402608818541,-2.0,pid_8964,KL003,1
1,95,-0.1649088778436135,-0.001430101192577,0.0,-15.66634339514329,-0.135859613294821,0.0,pid_8964,KL004,1
2,80,-0.1687952435433209,-0.0005236588349393,0.0,-13.503619483465677,-0.0418927067951507,0.0,pid_8964,KL004,1
3,34,-0.178028566171999,-0.0036145128359889,0.0,-6.052971249847968,-0.1228934364236228,0.0,pid_8964,KL004,1
4,6,-0.0836970197787897,0.0182245568034691,0.0,-0.5021821186727382,0.1093473408208147,0.0,pid_8964,KL004,1
5,27,-0.1958584699576646,-0.0054992542858075,0.0,-5.288178688856945,-0.1484798657168045,0.0,pid_8964,KL004,1
6,42,-0.072482805032871,0.0160059826451205,0.0,-3.044277811380583,0.6722512710950614,0.0,pid_8964,KL004,1
7,24,-0.058781246030751,0.0189929176637522,-0.125,-1.410749904738026,0.4558300239300548,-3.0,pid_8964,KL004,1
8,89,-0.1428720631860454,0.0032296557833175,0.0,-12.71561362355804,0.2874393647152575,0.0,pid_8964,KL004,1
1,75,-0.1780821211729963,-0.0004257222507848,0.0,-13.356159087974724,-0.0319291688088636,0.0,pid_8964,KL005,1
2,31,-0.1590318398950019,0.0004913464914236,-0.064516129032258,-4.929987036745059,0.0152317412341317,-2.0,pid_8964,KL005,1
3,122,-0.1731653490567267,-0.0023788045168701,0.0,-21.126172584920656,-0.2902141510581578,0.0,pid_8964,KL005,1
