episode_index,steps,mean_reward_drift,mean_reward_progress,mean_reward_intrusion,mean_reward_proximity,sum_reward_drift,sum_reward_progress,sum_reward_intrusion,sum_reward_proximity,total_intrusions,terminated_waypoint,truncated,finished_at
1,97,-0.0033718120280099226,-0.00530079603695392,0.0,0.0,-0.32706576671696247,-0.5141772155845302,0.0,0.0,0,False,True,1763022542.0481086
2,20,-0.0024856601482326525,-0.0011994306491290685,0.0,0.0,-0.04971320296465305,-0.02398861298258137,0.0,0.0,0,False,True,1763022556.3260403
3,51,-0.0014477497419330496,0.00294822101340519,-0.058823529411764705,-0.058386840708989106,-0.07383523683858553,0.1503592716836647,-3.0,-2.9777288761584444,1,False,True,1763022570.5820076
4,86,-0.0031461980576711996,-0.0019127783084789,0.0,0.0,-0.2705730329597232,-0.1644989345291854,0.0,0.0,0,False,True,1763022598.0772672
5,43,-0.0017219999459579505,0.0010726792415997946,-0.06976744186046512,-0.07497632940317639,-0.07404599767619187,0.04612520738879117,-3.0,-3.2239821643365847,1,False,True,1763022605.5528605
6,128,-0.001044116860756213,0.005594863611293158,0.0,0.0,-0.13364695817679526,0.7161425422455242,0.0,0.0,0,False,True,1763022621.0652802
7,44,-0.002839982856140143,-0.0020284134279956885,0.0,0.0,-0.1249592456701663,-0.0892501908318103,0.0,0.0,0,False,True,1763022632.310398
8,42,-0.0005247308192493834,0.006530401643182147,0.0,-0.025948341957737413,-0.022038694408474106,0.27427686901365017,0.0,-1.0898303622249714,0,False,True,1763022640.0197961
9,280,-0.0022870127895454223,0.0002619669089194782,0.0,-0.005155269056255777,-0.6403635810727182,0.07335073449745388,0.0,-1.4434753357516175,0,False,True,1763022675.9985485
10,147,-0.0025584731763953826,-0.001634369690137145,0.0,-0.03536768782889009,-0.37609555693012126,-0.2402523444501603,0.0,-5.199050110846843,0,False,True,1763022686.547995
11,292,-0.0025007724631567977,-0.0008283273932270016,0.0,0.0,-0.7302255592417849,-0.24187159882228448,0.0,0.0,0,False,True,1763022711.4582477
12,126,-0.002767636023818429,-0.002805179145127786,-0.023809523809523808,-0.006122698484177659,-0.34872213900112203,-0.35345257228610105,-3.0,-0.771460009006385,1,False,True,1763022720.0179653
13,135,-0.002385358586067735,0.0005283177369572242,0.0,0.0,-0.32202340911914423,0.07132289448922527,0.0,0.0,0,False,True,1763022737.8341103
14,52,-0.0031081347707962023,-0.003247476156663376,0.0,-0.02836488555277927,-0.1616230080814025,-0.16886876014649554,0.0,-1.474974048744522,0,False,True,1763022750.9711819
15,164,-0.0031631382878498757,-0.0030756219323687757,-0.054878048780487805,-0.01668462225777864,-0.5187546792073796,-0.5044019969084792,-9.0,-2.736278050275697,3,False,True,1763022785.053343
16,278,-0.0029323620525723137,-0.003040009796059133,-0.02158273381294964,-0.012381529720163102,-0.8151966506151032,-0.8451227233044389,-6.0,-3.4420652622053423,2,False,True,1763022805.9197445
17,105,-0.0030618710779042354,-0.0013660496767082852,0.0,0.0,-0.32149646317994474,-0.14343521605436993,0.0,0.0,0,False,True,1763022813.4371717
18,270,-0.0026138255643778684,0.002253260700879932,-0.011111111111111112,-0.009474925819683217,-0.7057329023820245,0.6083803892375816,-3.0,-2.5582299713144687,1,True,False,1763022844.7419786
19,79,-0.0032205494083459604,-0.004603327609779288,0.0,-0.029552727972436157,-0.2544234032593309,-0.36366288117256373,0.0,-2.3346655098224565,0,False,True,1763022850.2108324
20,132,-0.0013567729012810483,0.0036325823163675477,-0.022727272727272728,-0.004067507217399083,-0.17909402296909838,0.4795008657605163,-3.0,-0.536910952696679,1,False,True,1763022863.5797575
21,140,-0.001572091728795394,0.0027525059622361316,0.0,0.0,-0.22009284203135515,0.3853508347130584,0.0,0.0,0,False,True,1763022885.4744449
22,161,-0.002938368161947619,-0.0020407519024912423,0.0,0.0,-0.4730772740735667,-0.32856105630109,0.0,0.0,0,False,True,1763022896.4586613
23,167,-0.002883494378192033,-0.002951182190929654,-0.017964071856287425,-0.006471341437728301,-0.4815435611580695,-0.4928474258852522,-3.0,-1.0807140201006262,1,False,True,1763022907.5700397
24,19,-0.002427842899044668,-0.0010702749082294766,0.0,0.0,-0.0461290150818487,-0.020335223256360058,0.0,0.0,0,False,True,1763022916.589068
25,139,-0.0030239483759346695,-0.0037958095673616766,-0.04316546762589928,-0.02559689917737651,-0.4203288242549191,-0.527617529863273,-6.0,-3.557968985655335,2,False,True,1763022958.1638236
26,156,-0.002861209641072968,-0.0012938511774386156,-0.019230769230769232,-0.03330466906406056,-0.446348704007383,-0.20184078368042402,-3.0,-5.195528373993447,1,False,True,1763022976.807464
27,55,-0.0035393829396416273,-0.005121882757963287,0.0,0.0,-0.1946660616802895,-0.2817035516879808,0.0,0.0,0,False,True,1763022985.886912
28,344,-0.0024001251210784853,0.0005712367157669439,-0.00872093023255814,-0.00483844274753048,-0.8256430416509989,0.1965054302238287,-3.0,-1.6644243051504852,1,False,True,1763023062.6086125
29,149,-0.002972353888838622,-0.002984552717280546,0.0,-0.011640160657676282,-0.4428807294369547,-0.44469835487480136,0.0,-1.734383937993766,0,False,True,1763023074.8661566
30,74,-0.003285050609690582,-0.0034018033289503736,0.0,0.0,-0.24309374511710308,-0.25173344634232764,0.0,0.0,0,False,True,1763023081.5630238
31,40,-0.0038874225662158188,-0.0041979905584383585,0.0,0.0,-0.15549690264863275,-0.16791962233753432,0.0,0.0,0,False,True,1763023095.5117908
32,73,-0.0025447436194255724,-0.0018725429239622384,-0.0410958904109589,-0.021257264085602603,-0.1857662842180668,-0.1366956334492434,-3.0,-1.55178027824899,1,False,True,1763023122.1961372
33,17,-0.0017172385245502189,0.000961576155528505,0.0,0.0,-0.02919305491735372,0.016346794643984586,0.0,0.0,0,False,True,1763023136.3830655
34,95,-0.002465400521041237,-7.134929336779915e-06,0.0,0.0,-0.23421304949891752,-0.0006778182869940919,0.0,0.0,0,False,True,1763023161.3549697
35,117,-0.0037147790764501636,-0.005709458076914797,0.0,-0.008635016130132192,-0.4346291519446691,-0.6680065949990313,0.0,-1.0102968872254665,0,False,True,1763023177.4730666
36,110,-0.0027538025061409075,-0.001989572633520602,0.0,0.0,-0.30291827567549984,-0.21885298968726624,0.0,0.0,0,False,True,1763023199.9824235
37,241,-0.0024671126239028326,0.0006271796563410393,0.0,-0.001577382689046841,-0.5945741423605827,0.15115029717819048,0.0,-0.3801492280602887,0,False,True,1763023220.9572835
38,82,-0.0030713669376690443,-0.0022121322180363567,0.0,0.0,-0.2518520888888616,-0.18139484187898125,0.0,0.0,0,False,True,1763023242.1526206
39,92,-0.002694928864750049,-0.0017497594439513375,0.0,0.0,-0.2479334555570045,-0.16097786884352305,0.0,0.0,0,False,True,1763023271.7048595
40,79,-0.0022590311746825856,-0.001764796594616022,0.0,0.0,-0.17846346279992426,-0.13941893097466573,0.0,0.0,0,False,True,1763023325.6293294
41,107,-0.002670456616295526,-0.0021628079485820693,0.0,0.0,-0.2857388579436213,-0.23142045049828142,0.0,0.0,0,False,True,1763023339.3449483
42,84,-0.001678913400911912,-0.0010431010967231929,0.0,0.0,-0.1410287256766006,-0.0876204921247482,0.0,0.0,0,False,True,1763023354.5452147
43,182,-0.0020737614343117956,0.0010767433753667572,0.0,-0.0054026989036913215,-0.3774245810447468,0.1959672943167498,0.0,-0.9832912004718205,0,False,True,1763023380.7362697
44,180,-0.0028681451273743085,-0.0013517816016155797,0.0,0.0,-0.5162661229273755,-0.24332068829080433,0.0,0.0,0,False,True,1763023407.9326813
45,128,-0.0021211235683438316,0.0007290470245024661,0.0,0.0,-0.27150381674801044,0.09331801913631566,0.0,0.0,0,False,True,1763023424.2032204
46,65,-0.002891370896969324,-0.0030006869272621176,0.0,0.0,-0.18793910830300609,-0.19504465027203766,0.0,0.0,0,False,True,1763023429.6972735
47,261,-0.0029880368183298105,-0.0032372366827822193,-0.011494252873563218,-0.022824964261220274,-0.7798776095840806,-0.8449187742061592,-3.0,-5.957315672178492,1,False,True,1763023461.1816106
48,22,-0.0029966829028102646,-0.0006812299602391411,0.0,0.0,-0.06592702386182582,-0.014987059125261104,0.0,0.0,0,False,True,1763023463.0084727
49,44,-0.0035043316382123084,-0.003989280155914001,0.0,-0.03771186747098415,-0.15419059208134156,-0.17552832686021602,0.0,-1.6593221687233026,0,False,True,1763023477.8458261
50,68,-0.003263574961937209,-0.003779171639196514,0.0,0.0,-0.22192309741173022,-0.25698367146536294,0.0,0.0,0,False,True,1763023491.5643082
51,142,-0.003088891261033203,-0.0036761285351111384,0.0,-0.005772331847008476,-0.4386225590667149,-0.5220102519857817,0.0,-0.8196711222752036,0,False,True,1763023507.8090904
52,147,-0.002436562592001037,-0.0012957342764311486,-0.02040816326530612,-0.004090871660780137,-0.35817470102415244,-0.19047293863537884,-3.0,-0.6013581341346801,1,False,True,1763023557.709194
53,150,-0.0030079856647502053,-0.003322142293383487,-0.04,-0.008857258264323526,-0.4511978497125308,-0.49832134400752304,-6.0,-1.328588739648529,2,False,True,1763023571.316726
54,278,-0.0022828762038020283,0.0005626880290916137,0.0,-0.00019929364230998744,-0.6346395846569639,0.1564272720874686,0.0,-0.05540363256217651,0,False,True,1763023594.5993907
55,110,-0.0030942931251783,-0.0036256021884560675,0.0,0.0,-0.340372243769613,-0.3988162407301674,0.0,0.0,0,False,True,1763023603.8351493
56,91,-0.003068234106864912,-0.003685906886484732,0.0,-0.00012029466240043612,-0.279209303724707,-0.3354175266701106,0.0,-0.010946814278439687,0,False,True,1763023616.6897976
57,108,-0.001977938530311383,0.0017247838303252985,0.0,-0.010207840849327953,-0.2136173612736294,0.18627665367513224,0.0,-1.1024468117274189,0,False,True,1763023625.654979
58,337,-0.0018712549182960786,-0.0022808825894091137,-0.008902077151335312,-0.012390475614458036,-0.6306129074657785,-0.7686574326308713,-3.0,-4.175590282072358,1,False,True,1763023666.993111
59,102,-0.0024957276410124216,-0.0007281821931184002,-0.029411764705882353,-0.01166150225633837,-0.254564219383267,-0.07427458369807682,-3.0,-1.1894732301465136,1,False,True,1763023674.1817453
60,154,-0.0020916181185519685,-0.0013210583222878964,0.0,0.0,-0.3221091902570032,-0.20344298163233604,0.0,0.0,0,False,True,1763023704.0163312
61,45,-0.0027024142238353884,-0.0029335662549552816,0.0,0.0,-0.12160864007259248,-0.13201048147298766,0.0,0.0,0,False,True,1763023728.8501356
62,106,-0.0024979653810231327,-0.0005833449395737472,-0.02830188679245283,-0.04258903595757727,-0.26478433038845206,-0.061834563594817205,-3.0,-4.514437811503191,1,False,True,1763023747.3299873
63,174,-0.0033049676205053518,-0.004727847481672233,0.0,0.0,-0.5750643659679312,-0.8226454618109685,0.0,0.0,0,False,True,1763023773.2991428
64,80,-0.0019683940946577288,0.001080124084426952,0.0,0.0,-0.15747152757261831,0.08640992675415615,0.0,0.0,0,False,True,1763023785.2374415
65,34,-0.001847585533720759,0.0008420274230712693,0.0,0.0,-0.06281790814650581,0.028628932384423156,0.0,0.0,0,False,True,1763023812.1481879
66,37,-0.002819807081027627,-0.0011912752399847039,0.0,0.0,-0.1043328619980222,-0.044077183879434045,0.0,0.0,0,False,True,1763023823.2638557
67,191,-0.002616667515522309,-0.001793792416840456,0.0,0.0,-0.49978349546476103,-0.3426143516165271,0.0,0.0,0,False,True,1763023854.5922618
68,76,-0.0027358936119563707,-0.0027550749016589117,0.0,0.0,-0.20792791450868417,-0.2093856925260773,0.0,0.0,0,False,True,1763023860.882773
69,146,-0.003248267733670227,-0.004738962011414991,0.0,0.0,-0.47424708911585317,-0.6918884536665887,0.0,0.0,0,False,True,1763023882.0102668
70,128,-0.0034428786081524255,-0.004398820417130497,0.0,0.0,-0.44068846184351046,-0.5630490133927036,0.0,0.0,0,False,True,1763023892.571525
71,32,-0.0033256433147124953,-0.00288124455754012,-0.1875,-0.021652975240671855,-0.10642058607079985,-0.09219982584128383,-6.0,-0.6928952077014994,2,False,True,1763023900.0998087
72,58,-0.0033228768318515093,-0.003036456356934361,0.0,0.0,-0.19272685624738753,-0.17611446870219294,0.0,0.0,0,False,True,1763023917.0854015
73,137,-0.0035281415450113887,-0.003420265035441692,0.0,0.0,-0.4833553916665603,-0.46857630985551185,0.0,0.0,0,False,True,1763023940.3908124
74,33,-0.0022702279865729016,0.00020174542043022663,0.0,0.0,-0.07491752355690576,0.006657598874197479,0.0,0.0,0,False,True,1763023943.1739564
75,101,-0.0028110136516124747,-0.002282480516320477,-0.0297029702970297,-0.006760789054464064,-0.28391237881285997,-0.23053053214836822,-3.0,-0.6828396945008705,1,False,True,1763023965.144431
76,125,-0.0025592237144112548,-0.0014605415284742423,0.0,0.0,-0.31990296430140686,-0.18256769105928028,0.0,0.0,0,False,True,1763023994.3818944
77,216,-0.002422830998741836,-0.0005292454461641706,0.0,-0.0006851285031979631,-0.5233314957282366,-0.11431701637146086,0.0,-0.14798775669076003,0,False,True,1763024021.470824
78,103,-0.0024939826495288067,-0.0005194310531948058,0.0,0.0,-0.25688021290146706,-0.05350139847906499,0.0,0.0,0,False,True,1763024062.7416115
79,292,-0.0024885920474195596,0.0010780267799377957,-0.010273972602739725,-0.0029727313878142566,-0.7266688778465114,0.31478381974183633,-3.0,-0.8680375652417629,1,False,True,1763024096.7567432
80,129,-0.0023459963022629125,-0.000971661219591529,0.0,-0.009307763104752249,-0.3026335229919157,-0.12534429732730723,0.0,-1.20070144051304,0,False,True,1763024107.7678373
81,160,-0.003648137337531939,-0.005938844698658229,0.0,0.0,-0.5837019740051103,-0.9502151517853166,0.0,0.0,0,False,True,1763024133.1041965
82,150,-0.002199946234972812,0.00039929837466825174,0.0,-0.00043058707040642805,-0.3299919352459218,0.059894756200237764,0.0,-0.06458806056096421,0,False,True,1763024150.7289305
83,142,-0.002499716979731306,0.0008606244666896454,0.0,0.0,-0.35495981112184544,0.12220867426992965,0.0,0.0,0,False,True,1763024169.2331154
84,89,-0.0027728676151350558,-0.0009638763483438134,0.0,0.0,-0.24678521774701997,-0.0857849950025994,0.0,0.0,0,False,True,1763024179.8145013
85,59,-0.0027359510610189355,-0.0011471682795958415,0.0,0.0,-0.16142111260011718,-0.06768292849615465,0.0,0.0,0,False,True,1763024211.9339242
86,155,-0.0019461418733809595,-0.0005598242516689289,0.0,0.0,-0.3016519903740487,-0.08677275900868398,0.0,0.0,0,False,True,1763024254.8194232
87,103,-0.0029006130699650175,-0.002659190510455767,0.0,-0.023274846283892862,-0.2987631462063968,-0.273896622576944,0.0,-2.397309167240965,0,False,True,1763024263.384045
88,97,-0.003084850535748369,-0.0036402765532172698,0.0,0.0,-0.29923050196759177,-0.3531068256620752,0.0,0.0,0,False,True,1763024271.7523665
89,264,-0.0025457150964369743,-0.0012265509628244695,0.0,-0.0049232915379546745,-0.6720687854593612,-0.32380945418566,0.0,-1.299748966020034,0,False,True,1763024321.756017
90,203,-0.0029933254996798134,-0.0029535080066182815,0.0,0.0,-0.6076450764350021,-0.5995621253435112,0.0,0.0,0,False,True,1763024339.8619952
91,84,-0.0028696926104475997,-0.0020698315731540093,0.0,-0.010104590093423252,-0.24105417927759837,-0.17386585214493677,0.0,-0.8487855678475532,0,False,True,1763024347.0288842
92,107,-0.002589521497775801,-0.0019129035505443023,0.0,-0.026526854406586774,-0.2770788002620107,-0.20468067990824035,0.0,-2.8383734215047847,0,False,True,1763024364.4144337
93,183,-0.0023648937167759653,0.0009737896693049212,0.0,0.0,-0.43277555017000163,0.1782035094828006,0.0,0.0,0,False,True,1763024385.9571164
94,134,-0.0034800073197890987,-0.0035138626780082346,0.0,0.0,-0.46632098085173923,-0.4708575988531034,0.0,0.0,0,False,True,1763024399.7885962
95,137,-0.0024390929869716523,0.0009879120906282604,0.0,-0.007533744831252483,-0.3341557392151164,0.13534395641607166,0.0,-1.03212304188159,0,False,True,1763024418.0408576
96,57,-0.002149046129071695,0.0005034443805639002,-0.05263157894736842,-0.06065076417331348,-0.12249562935708663,0.02869632969214231,-3.0,-3.4570935578788684,1,False,True,1763024445.5771554
97,213,-0.00223867636579825,-0.00033407070539343285,-0.014084507042253521,-0.002916991898387425,-0.47683806591502725,-0.0711570602488012,-3.0,-0.6213192743565216,1,False,True,1763024478.02066
98,106,-0.002332322378021642,-0.00013478403820480406,0.0,0.0,-0.24722617207029407,-0.01428710804970923,0.0,0.0,0,False,True,1763024496.99575
99,90,-0.003378969660047151,-0.004426812592271914,0.0,0.0,-0.3041072694042436,-0.39841313330447226,0.0,0.0,0,False,True,1763024506.6143558
100,60,-0.0037564937558970434,-0.006449963680450031,0.0,0.0,-0.2253896253538226,-0.38699782082700185,0.0,0.0,0,False,True,1763024516.7836137
101,108,-0.0025055600997454038,-0.0008400838895458749,0.0,0.0,-0.2706004907725036,-0.09072906007095449,0.0,0.0,0,False,True,1763024569.5866516
102,363,-0.0028888415595863842,-0.0022230592077860773,0.0,0.0,-1.0486494861298574,-0.8069704924263461,0.0,0.0,0,False,True,1763024625.1170087
103,189,-0.0023438553836593067,0.0006872095779082884,-0.015873015873015872,-0.010169389092813274,-0.442988667511609,0.12988261022466652,-3.0,-1.9220145385417087,1,False,True,1763024641.1940753
104,133,-0.003042120103521039,-0.002410462163787807,0.0,-0.0003588841829251484,-0.4046019737682982,-0.32059146778377834,0.0,-0.04773159632904474,0,False,True,1763024652.2508519
105,400,-0.00235195452359061,0.0003115999136842015,0.0,0.0,-0.9407818094362439,0.12463996547368061,0.0,0.0,0,False,True,1763024708.4090245
106,93,-0.002244010259522238,0.00030092600179929853,-0.0967741935483871,-0.013174339181346766,-0.20869295413556815,0.02798611816733476,-9.0,-1.2252135438652492,3,False,True,1763024716.727485
107,94,-0.002225314426005061,0.0004688950661942013,0.0,0.0,-0.20917955604447572,0.044076136222254925,0.0,0.0,0,False,True,1763024728.3413844
108,88,-0.0023238462440282335,0.00035779766223020435,0.0,0.0,-0.20449846947448455,0.031486194276257984,0.0,0.0,0,False,True,1763024758.8831158
109,122,-0.0024947243802214106,-0.0006468297127879225,0.0,-0.0016306475836293122,-0.3043563743870121,-0.07891322496012654,0.0,-0.1989390052027761,0,False,True,1763024778.8471665
110,3,-0.0008052424372472416,0.050586067531044145,0.0,0.0,-0.0024157273117417248,0.15175820259313244,0.0,0.0,0,True,False,1763024779.1096
111,21,-0.003141851057609908,-0.0015736358400276287,0.0,0.0,-0.06597887220980807,-0.0330463526405802,0.0,0.0,0,False,True,1763024794.3482723
112,38,-0.0032667059448946447,-0.00418844919762142,0.0,-0.014891068528636382,-0.1241348259059965,-0.15916106950961395,0.0,-0.5658606040881825,0,False,True,1763024807.0144513
113,32,-0.0010681773448500173,0.004199226148831123,0.0,0.0,-0.03418167503520055,0.13437523676259594,0.0,0.0,0,False,True,1763024840.5882008
114,79,-0.0022769483311102876,0.00016681602763092567,-0.0379746835443038,-0.045906312374523923,-0.17987891815771273,0.01317846618284313,-3.0,-3.62659867758739,1,False,True,1763024853.8472528
115,161,-0.0022746124277551573,0.0002496275031177731,-0.037267080745341616,-0.011060897675797498,-0.3662126008685803,0.040190028001961475,-6.0,-1.780804525803397,2,False,True,1763024868.8959985
116,30,-0.0022686525691042927,-0.0010791422820513577,0.0,0.0,-0.06805957707312878,-0.032374268461540734,0.0,0.0,0,False,True,1763024888.8863645
117,73,-0.0018835888856479658,0.0017563520211194515,0.0,0.0,-0.1375019886523015,0.12821369754171996,0.0,0.0,0,False,True,1763024917.812452
118,78,-0.0017334654695514596,0.0023732521731576342,0.0,0.0,-0.13521030662501385,0.1851136695062955,0.0,0.0,0,False,True,1763024952.3290386
119,79,-0.002058548478713293,0.0014830147843296925,-0.0379746835443038,-0.0072456110187121715,-0.16262532981835012,0.1171581679620457,-3.0,-0.5724032704782616,1,False,True,1763024971.281364
120,127,-0.002622830768227492,-0.0014086760741818065,-0.023622047244094488,-0.019037315778425143,-0.3330995075648915,-0.17890186142108944,-3.0,-2.417739103859993,1,False,True,1763024985.160434
121,72,-0.001552954176028137,0.003343583238807246,0.0,0.0,-0.11181270067402586,0.2407379931941217,0.0,0.0,0,False,True,1763024998.1835792
122,77,-0.0017856251901001224,0.0020362667469334436,0.0,0.0,-0.13749313963770943,0.15679253951387517,0.0,0.0,0,False,True,1763025013.6730661
123,84,-0.00281557515743803,-0.0028065765780964126,-0.03571428571428571,-0.04424120720224606,-0.23650831322479451,-0.23575243256009865,-3.0,-3.716261404988669,1,False,True,1763025030.142362
124,165,-0.0021439827029831313,0.001138132543200117,-0.03636363636363636,-0.021617890951269814,-0.35375714599221664,0.1877918696280193,-6.0,-3.5669520069595193,2,False,True,1763025051.5608404
125,37,-0.0018786303884842025,-0.00050036799138157,0.0,0.0,-0.0695093243739155,-0.01851361568111809,0.0,0.0,0,False,True,1763025058.4296665
126,116,-0.00223405746212823,0.00026005270220455035,0.0,0.0,-0.25915066560687466,0.03016611345572784,0.0,0.0,0,False,True,1763025092.7627985
127,56,-0.0020449487220957634,-0.0003115152825579927,0.0,0.0,-0.11451712843736274,-0.01744485582324759,0.0,0.0,0,False,True,1763025098.6920314
128,71,-0.0027364956789010506,-0.0012436123191839378,-0.04225352112676056,-0.025277482378861408,-0.1942911932019746,-0.08829647466205959,-3.0,-1.79470124889916,1,False,True,1763025123.8980772
129,179,-0.0026462051362090397,-0.0018727126798457779,0.0,-0.003005415790348122,-0.4736707193814181,-0.33521556969239424,0.0,-0.5379694264723138,0,False,True,1763025143.348999
130,72,-0.002437686528342129,-0.0004023822488007768,0.0,0.0,-0.17551343004063327,-0.02897152191365593,0.0,0.0,0,False,True,1763025147.9913967
131,112,-0.002365281951235355,-0.0006851024967697126,0.0,-0.015376935186952715,-0.2649115785383598,-0.07673147963820781,0.0,-1.7222167409387041,0,False,True,1763025162.402847
132,32,-0.00199942484666615,0.001822002758807846,0.0,0.0,-0.0639815950933168,0.058304088281851074,0.0,0.0,0,False,True,1763025165.1437776
133,142,-0.001198130021744234,0.005935315508155894,0.0,0.0,-0.1701344630876812,0.842814802158137,0.0,0.0,0,False,True,1763025182.0488691
134,42,-0.0023704180791173307,3.5869401113309774e-05,0.0,0.0,-0.0995575593229279,0.0015065148467590106,0.0,0.0,0,False,True,1763025184.7258458
135,137,-0.0020897495180018256,0.0016753214369664023,0.0,0.0,-0.2862956839662501,0.22951903686439712,0.0,0.0,0,False,True,1763025201.1701603
136,142,-0.002275462552556782,0.00023677820902612984,0.0,-0.007927448167771267,-0.323115682463063,0.033622505681710435,0.0,-1.12569763982352,0,False,True,1763025211.0322626
137,101,-0.001904630102524143,0.0022765220472894063,0.0,-0.0030158893812058138,-0.19236764035493845,0.22992872677623002,0.0,-0.3046048275017872,0,False,True,1763025217.9820876
138,71,-0.0028066962742216255,-0.0022359302186678617,0.0,0.0,-0.19927543546973542,-0.1587510455254182,0.0,0.0,0,False,True,1763025227.892083
139,124,-0.002519345093675775,-0.0008035805704286783,-0.024193548387096774,-0.008321936588209405,-0.3123987916157961,-0.09964399073315611,-3.0,-1.0319201369379662,1,False,True,1763025243.3766496
140,44,-0.001818438521555635,0.00033683198546575403,0.0,0.0,-0.08001129494844794,0.014820607360493177,0.0,0.0,0,False,True,1763025246.585742
141,49,-0.002338936240206591,-0.0001675168549785043,0.0,0.0,-0.11460787577012295,-0.00820832589394671,0.0,0.0,0,False,True,1763025259.5412223
142,11,-0.002936138849085397,-0.0014947162040067831,0.0,0.0,-0.03229752733993937,-0.016441878244074615,0.0,0.0,0,False,True,1763025280.4922135
143,105,-0.002006392266646066,0.0013215135516088995,0.0,0.0,-0.2106711879978369,0.13875892291893444,0.0,0.0,0,False,True,1763025298.391792
144,61,-0.0017459184777243956,0.0018552202535138964,0.0,0.0,-0.10650102714118813,0.11316843546434768,0.0,0.0,0,False,True,1763025342.208152
145,56,-0.0023468377537185017,-0.0003051401251424335,0.0,0.0,-0.1314229142082361,-0.017087847007976276,0.0,0.0,0,False,True,1763025371.3428152
146,89,-0.0019930892112076768,0.001492504779730004,0.0,0.0,-0.17738493979748324,0.13283292539597036,0.0,0.0,0,False,True,1763025390.424599
147,400,-0.0020987609971769485,0.00032237004272228723,-0.0075,-0.0056298111934231536,-0.8395043988707794,0.1289480170889149,-3.0,-2.2519244773692613,1,False,True,1763025452.0434673
148,237,-0.0024509630886759004,0.00019713820003326761,-0.012658227848101266,-0.006239038575789457,-0.5808782520161884,0.046721753407884425,-3.0,-1.4786521424621013,1,False,True,1763025472.0692222
149,29,-0.0017274287268033964,0.001446130805634396,0.0,0.0,-0.050095433077298496,0.04193779336339748,0.0,0.0,0,False,True,1763025474.72547
150,61,-0.0023325022720861485,0.000295194604901874,0.0,0.0,-0.14228263859725507,0.018006870899014316,0.0,0.0,0,False,True,1763025507.5858424
151,61,-0.0018504961320129861,0.0015018949674940902,0.0,0.0,-0.11288026405279215,0.09161559301713951,0.0,0.0,0,False,True,1763025521.6962726
152,61,-0.0017769625145938389,0.002696599478023736,0.0,0.0,-0.10839471339022418,0.1644925681594479,0.0,0.0,0,False,True,1763025540.6624606
153,91,-0.002234620745626227,0.0016341323146935607,-0.03296703296703297,-0.007238182428260191,-0.20335048785198667,0.148706040637114,-3.0,-0.6586746009716774,1,False,True,1763025597.736932
154,44,-0.0022670213113038565,0.0004566749769481944,0.0,0.0,-0.09974893769736969,0.020093698985720554,0.0,0.0,0,False,True,1763025605.3522751
155,71,-0.00211009250747905,0.001317060400535387,0.0,0.0,-0.14981656803101256,0.09351128843801249,0.0,0.0,0,False,True,1763025629.5236394
156,85,-0.0031216658659404483,-0.0022679508696511904,0.0,0.0,-0.2653415986049381,-0.1927758239203512,0.0,0.0,0,False,True,1763025643.5075014
157,19,-0.0023354665373533394,-0.0007558472976285822,0.0,0.0,-0.04437386420971345,-0.01436109865494306,0.0,0.0,0,False,True,1763025654.6627955
158,16,-0.0017206008215649405,0.0005056012585340913,0.0,-0.13355707590897234,-0.027529613145039048,0.008089620136545461,0.0,-2.1369132145435574,0,False,True,1763025689.4613206
159,117,-0.0027946191847397555,-0.002491990283304666,-0.05128205128205128,-0.06433737150176476,-0.3269704446145514,-0.2915628631466459,-6.0,-7.527472465706477,2,False,True,1763025720.3043044
160,141,-0.002123940659283716,0.0014943868087326023,0.0,0.0,-0.299475632959004,0.2107085400312969,0.0,0.0,0,False,True,1763025743.8818612
161,107,-0.0024551083999613975,-0.0005147819116431234,0.0,-0.006112776340004151,-0.26269659879586954,-0.0550816645458142,0.0,-0.6540670683804441,0,False,True,1763025764.6183584
162,32,-0.002331476942558982,-0.0005270655804542508,0.0,0.0,-0.07460726216188743,-0.016866098574536026,0.0,0.0,0,False,True,1763025768.303071
163,46,-0.0028496692109496818,-0.0034473550648112263,0.0,0.0,-0.13108478370368537,-0.1585783329813164,0.0,0.0,0,False,True,1763025780.9719732
164,23,-0.001855968697203809,0.0017878270752390798,0.0,0.0,-0.04268728003568761,0.041120022730498834,0.0,0.0,0,False,True,1763025787.788764
165,21,-0.0020559458599956,0.0010005877208228563,0.0,0.0,-0.0431748630599076,0.021012342137279982,0.0,0.0,0,False,True,1763025799.1579146
166,33,-0.0026999215510373144,-0.002536366995109695,0.0,0.0,-0.08909741118423138,-0.08370011083861995,0.0,0.0,0,False,True,1763025807.059273
167,34,-0.002387649507225724,-0.0004811673680716268,0.0,0.0,-0.08118008324567462,-0.01635969051443531,0.0,0.0,0,False,True,1763025812.157852
168,140,-0.0020098794409726724,0.0019420655390019557,-0.02142857142857143,-0.009990953296837782,-0.28138312173617414,0.2718891754602738,-3.0,-1.3987334615572895,1,False,True,1763025852.162535
169,40,-0.0025349647141350586,-0.0011160592884610742,0.0,0.0,-0.10139858856540235,-0.04464237153844297,0.0,0.0,0,False,True,1763025855.8904843
170,140,-0.0016435230128567274,0.004055080967998021,0.0,0.0,-0.23009322179994185,0.567711335519723,0.0,0.0,0,False,True,1763025872.22918
171,79,-0.0018099727239026932,0.0028332025130611512,0.0,-0.009926907816553017,-0.14298784518831276,0.22382299853183096,0.0,-0.7842257175076883,0,False,True,1763025879.36829
172,29,-0.0018837679808874532,0.001980647117756749,-0.10344827586206896,-0.042345566970563915,-0.05462927144573614,0.05743876641494572,-3.0,-1.2280214421463536,1,False,True,1763025886.1221745
173,35,-0.001755795793057595,0.0032838222915751083,0.0,0.0,-0.06145285275701582,0.11493378020512879,0.0,0.0,0,False,True,1763025894.761552
174,94,-0.0017476702466957554,0.0031056235779138262,0.0,-0.02270026889965528,-0.164281003189401,0.29192861632389966,0.0,-2.1338252765675962,0,False,True,1763025910.6896534
175,46,-0.0016718969526858106,0.0033454535639246,0.0,0.0,-0.07690725982354729,0.1538908639405316,0.0,0.0,0,False,True,1763025916.3099017
176,9,-0.0024448867892559924,-0.0011855331385389497,0.0,0.0,-0.022003981103303934,-0.010669798246850548,0.0,0.0,0,False,True,1763025922.2941558
177,143,-0.0018830885535558225,0.002666351832409056,0.0,0.0,-0.2692816631584826,0.38128831203449504,0.0,0.0,0,False,True,1763025944.8084269
178,118,-0.0019803323668419475,0.0016423685411102963,-0.025423728813559324,-0.010682714373169953,-0.23367921928734978,0.19379948785101497,-3.0,-1.2605602960340545,1,False,True,1763025954.9302201
179,116,-0.002265661524761866,0.000429708894560997,0.0,0.0,-0.26281673687237644,0.049846231769075655,0.0,0.0,0,False,True,1763025965.4298701
180,29,-0.0016322167340941044,0.0035396765849418587,0.0,-0.009167544654874231,-0.04733428528872903,0.1026506209633139,0.0,-0.2658587949913527,0,False,True,1763025968.0013027
181,119,-0.002369875001563653,-0.00011517823682433475,0.0,0.0,-0.2820151251860747,-0.013706210182095835,0.0,0.0,0,False,True,1763025983.0473037
182,12,-0.0023761892307285833,-0.0004906100876950666,0.0,0.0,-0.028514270768743,-0.005887321052340799,0.0,0.0,0,False,True,1763025987.2846606
183,30,-0.0023364727069795253,-0.0007697856422122109,0.0,0.0,-0.07009418120938576,-0.023093569266366326,0.0,0.0,0,False,True,1763025997.8266811
184,23,-0.0021001002445154198,-0.0002314312037919778,0.0,0.0,-0.04830230562385466,-0.005322917687215489,0.0,0.0,0,False,True,1763026010.2951834
185,72,-0.00214104509043816,0.0014296954284357785,0.0,0.0,-0.15415524651154752,0.10293807084737605,0.0,0.0,0,False,True,1763026026.1173396
186,83,-0.0016973042184571956,0.0034227338742389784,0.0,0.0,-0.14087625013194724,0.2840869115618352,0.0,0.0,0,False,True,1763026041.3272789
187,123,-0.00163123444567702,0.0039846102205786296,0.0,0.0,-0.20064183681827347,0.4901070571311714,0.0,0.0,0,False,True,1763026055.5996442
188,39,-0.0018823248723797536,0.0018979382722620441,0.0,0.0,-0.07341067002281039,0.07401959261821972,0.0,0.0,0,False,True,1763026059.1133988
189,50,-0.0014172711069578483,0.004293376784441205,0.0,0.0,-0.07086355534789242,0.21466883922206026,0.0,0.0,0,False,True,1763026070.2141695
190,51,-0.002058688563156079,0.0015386672267693584,0.0,0.0,-0.10499311672096003,0.07847202856523727,0.0,0.0,0,False,True,1763026099.3795226
191,79,-0.0018562885186399463,0.0029962204565063843,0.0,0.0,-0.14664679297255576,0.23670141606400436,0.0,0.0,0,False,True,1763026111.6423094
192,74,-0.0019403456467193187,0.002411052251276083,0.0,0.0,-0.14358557785722958,0.17841786659443015,0.0,0.0,0,False,True,1763026122.3964026
193,42,-0.0020570249186900444,0.0016361834339141546,0.0,0.0,-0.08639504658498187,0.0687197042243945,0.0,0.0,0,False,True,1763026130.8382974
194,11,-0.0015565626264399531,0.0016217107354243462,0.0,-0.10597589333792774,-0.017122188890839486,0.017838818089667807,0.0,-1.1657348267172052,0,False,True,1763026137.8957698
195,17,-0.003337432183992226,-0.004728080727023589,0.0,0.0,-0.05673634712786784,-0.08037737235940101,0.0,0.0,0,False,True,1763026142.9199965
196,116,-0.0016836528899424681,0.0034421979039405463,0.0,-0.09588423196861125,-0.1953037352333263,0.39929495685710337,0.0,-11.122570908358904,0,False,True,1763026161.5412261
197,66,-0.0021599122352891627,0.0013401248168318932,0.0,0.0,-0.14255420752908474,0.08844823791090495,0.0,0.0,0,False,True,1763026177.7468798
198,32,-0.002660843318557651,-0.0016762843555258623,0.0,0.0,-0.08514698619384484,-0.053641099376827595,0.0,0.0,0,False,True,1763026187.5735118
199,117,-0.0018462522655295728,0.002891618742388731,0.0,0.0,-0.21601151506696,0.33831939285948154,0.0,0.0,0,False,True,1763026205.875831
200,32,-0.0021060277262754876,0.0018406884121665995,0.0,0.0,-0.0673928872408156,0.058902029189331184,0.0,0.0,0,False,True,1763026210.8151662
201,95,-0.001824336713479463,0.0026946187492647967,0.0,0.0,-0.173311987780549,0.25598878118015567,0.0,0.0,0,False,True,1763026228.775853
202,67,-0.002373094026305635,-1.3047637491433467e-05,0.0,0.0,-0.15899729976247753,-0.0008741917119260423,0.0,0.0,0,False,True,1763026239.0061526
203,144,-0.0016860303870162349,0.003996803974117666,0.0,-0.004955105518163545,-0.24278837573033782,0.575539772272944,0.0,-0.7135351946155504,0,False,True,1763026258.680229
204,120,-0.002208583333791587,0.0008494718016777933,0.0,-0.02469142074250221,-0.26503000005499044,0.1019366162013352,0.0,-2.9629704891002655,0,False,True,1763026269.0202303
205,85,-0.0025730609447522914,-0.0007058219621419412,0.0,0.0,-0.2187101803039448,-0.059994866782065004,0.0,0.0,0,False,True,1763026277.2916124
206,90,-0.0018522803356837154,0.0018075509589304188,0.0,-0.0019931761108445047,-0.16670523021153438,0.1626795863037377,0.0,-0.17938584997600543,0,False,True,1763026286.8924365
207,93,-0.0021256714123146277,0.0011700163483536012,0.0,0.0,-0.19768744134526037,0.10881152039688491,0.0,0.0,0,False,True,1763026294.801101
208,51,-0.0017781529939323143,0.003142824384947435,0.0,0.0,-0.09068580269054803,0.16028404363231918,0.0,0.0,0,False,True,1763026301.8790607
209,66,-0.002110434745698873,0.0014763696834412406,0.0,0.0,-0.1392886932161256,0.09744039910712188,0.0,0.0,0,False,True,1763026314.8380623
210,197,-0.0016940510926838274,0.0031669457136267003,0.0,0.0,-0.333728065258714,0.62388830558446,0.0,0.0,0,False,True,1763026359.3952963
211,88,-0.0018361707791922568,0.002864804877091032,0.0,-0.020116284250365064,-0.1615830285689186,0.25210282918401083,0.0,-1.7702330140321256,0,False,True,1763026367.4253814
212,135,-0.0022523709521014216,0.0008009062455199242,0.0,0.0,-0.30407007853369195,0.10812234314518976,0.0,0.0,0,False,True,1763026387.7101452
213,18,-0.002303212107874383,-0.0004446868334288357,0.0,0.0,-0.04145781794173889,-0.008004363001719042,0.0,0.0,0,False,True,1763026389.2468395
214,77,-0.00218584466435231,0.0005269252618364131,0.0,0.0,-0.16831003915512785,0.040573245161403815,0.0,0.0,0,False,True,1763026402.343783
215,26,-0.0028259607610208203,-0.003195898837818106,0.0,-0.10256526455395718,-0.07347497978654133,-0.08309336978327075,0.0,-2.6666968784028864,0,False,True,1763026409.5818725
216,67,-0.002174795111409247,0.0009511017872279758,0.0,0.0,-0.14571127246441956,0.06372381974427438,0.0,0.0,0,False,True,1763026424.4447434
217,53,-0.0011202924068799197,0.0052852503211201505,0.0,-0.002878846372619762,-0.05937549756463574,0.280118267019368,0.0,-0.15257885774884739,0,False,True,1763026439.6096807
218,132,-0.0020725350453291644,0.001753420576686105,0.0,0.0,-0.2735746259834497,0.23145151612256587,0.0,0.0,0,False,True,1763026470.146524
219,6,-0.0028100063257082016,-0.001568372554826299,0.0,0.0,-0.01686003795424921,-0.009410235328957794,0.0,0.0,0,False,True,1763026470.651277
220,75,-0.0028709851718747847,-0.0030757225405775093,0.0,0.0,-0.21532388789060886,-0.2306791905433132,0.0,0.0,0,False,True,1763026487.6125033
221,40,-0.002888092755766683,-0.0032151691832052244,0.0,0.0,-0.11552371023066732,-0.12860676732820897,0.0,0.0,0,False,True,1763026494.6375365
222,19,-0.001995140668785118,0.0016349585142426447,0.0,0.0,-0.037907672706917236,0.03106421177061025,0.0,0.0,0,False,True,1763026519.77148
223,36,-0.0022430334849810394,0.00015689741283977932,-0.08333333333333333,-0.04396113648623813,-0.08074920545931742,0.005648306862232055,-3.0,-1.5826009135045727,1,False,True,1763026527.7941296
224,25,-0.00229608213914609,-0.00021183220824034789,0.0,0.0,-0.05740205347865225,-0.005295805206008697,0.0,0.0,0,False,True,1763026542.825841
225,26,-0.0017480754678495618,0.0030442634582096414,0.0,0.0,-0.04544996216408861,0.07915084991345067,0.0,0.0,0,False,True,1763026554.3377008
226,6,-0.0028579571469624595,-0.0020938157031871276,0.0,0.0,-0.017147742881774758,-0.012562894219122767,0.0,0.0,0,False,True,1763026563.2716186
227,76,-0.0026223509972028726,-0.0017547049991738783,0.0,0.0,-0.1992986757874183,-0.13335757993721475,0.0,0.0,0,False,True,1763026576.9397385
228,244,-0.0016091087375356206,0.003165568049486915,0.0,0.0,-0.39262253195869146,0.7723986040748073,0.0,0.0,0,False,True,1763026623.2268755
229,167,-0.0022330826662153172,0.00039706114107324286,-0.03592814371257485,-0.011352714074898438,-0.37292480525795796,0.06630921055923156,-6.0,-1.895903250508039,2,False,True,1763026637.9178958
230,31,-0.002561712109088409,-0.001499767050534422,0.0,0.0,-0.07941307538174068,-0.04649277856656708,0.0,0.0,0,False,True,1763026640.5082796
231,58,-0.0021588080962732293,0.0011814151106702162,0.0,0.0,-0.1252108695838473,0.06852207641887254,0.0,0.0,0,False,True,1763026647.216213
232,96,-0.0023796000036973852,-8.009562558565324e-05,0.0,0.0,-0.22844160035494898,-0.007689180056222711,0.0,0.0,0,False,True,1763026661.1677024
233,34,-0.002232475804325876,0.0007044336026273102,0.0,0.0,-0.07590417734707978,0.023950742489328547,0.0,0.0,0,False,True,1763026669.2376547
234,150,-0.0017172181400303766,0.0033410061200856026,-0.04,-0.019543456245819716,-0.2575827210045565,0.5011509180128404,-6.0,-2.9315184368729574,2,False,True,1763026693.5367758
235,16,-0.0024746196641111788,-0.0008546332994205721,0.0,0.0,-0.03959391462577886,-0.013674132790729154,0.0,0.0,0,False,True,1763026694.785973
236,48,-0.0019333465514968454,0.002442819445471825,0.0,-0.060429969899529555,-0.09280063447184858,0.1172553333826476,0.0,-2.9006385551774185,0,False,True,1763026705.5109706
237,28,-0.0017881088287130934,0.0085439116487277,0.0,0.0,-0.05006704720396662,0.23922952616437557,0.0,0.0,0,True,True,1763026714.445123
238,63,-0.0015368333995534058,0.00473276080289717,0.0,0.0,-0.09682050417186457,0.29816393058252166,0.0,0.0,0,False,True,1763026727.4557276
239,11,-0.0028293085368710866,-0.0021893528750569313,0.0,0.0,-0.03112239390558195,-0.024082881625626246,0.0,0.0,0,False,True,1763026735.3481247
240,114,-0.0017046291652293526,0.0036299397025100297,0.0,-0.013842607568355977,-0.1943277248361462,0.4138131260861434,0.0,-1.5780572627925813,0,False,True,1763026759.839527
241,51,-0.0024244736352455336,-0.0004159440073493355,0.0,0.0,-0.1236481553975222,-0.021213144374816112,0.0,0.0,0,False,True,1763026765.582984
242,60,-0.0019607343559333726,0.002341538573176057,0.0,-0.017684641987471706,-0.11764406135600236,0.14049231439056342,0.0,-1.0610785192483023,0,False,True,1763026772.5802636
243,46,-0.002136322380123035,0.0015219862134204828,0.0,0.0,-0.09827082948565961,0.07001136581734221,0.0,0.0,0,False,True,1763026783.3076365
244,27,-0.002203305959770938,-4.1321571201051505e-05,0.0,-0.027979713364368594,-0.059489260913815324,-0.0011156824224283907,0.0,-0.755452260837952,0,False,True,1763026789.00277
245,43,-0.0020724075413253076,0.0014603726081937065,0.0,0.0,-0.08911352427698822,0.06279602215232938,0.0,0.0,0,False,True,1763026798.6999893
246,8,-0.002308128903473226,-7.314221073068117e-05,0.0,0.0,-0.018465031227785807,-0.0005851376858454493,0.0,0.0,0,False,True,1763026805.4956398
247,183,-0.0015307770759900915,0.0035480177513348985,0.0,0.0,-0.28013220490618673,0.6492872484942864,0.0,0.0,0,False,True,1763026829.4955356
248,38,-0.0017588068979276672,0.0019815712371384965,0.0,-0.06339755021849114,-0.06683466212125136,0.07529970701126287,0.0,-2.4091069083026633,0,False,True,1763026835.5354538
249,104,-0.002118529947815327,0.0010862994404541432,0.0,-0.01243766359375298,-0.22032711457279403,0.1129751418072309,0.0,-1.29351701375031,0,False,True,1763026872.7789774
250,159,-0.0019906749587750806,0.0018332701796865707,-0.018867924528301886,-0.024149032372235375,-0.3165173184452378,0.29148995857016474,-3.0,-3.8396961471854247,1,False,True,1763026887.416679
251,14,-0.002257013536678645,0.00023365502627914678,0.0,0.0,-0.03159818951350103,0.003271170367908055,0.0,0.0,0,False,True,1763026891.7702441
252,88,-0.0018591528472402905,0.0029791430730964335,0.0,0.0,-0.16360545055714557,0.26216459043248613,0.0,0.0,0,False,True,1763026915.4147787
253,186,-0.001695574841721969,0.0031323351117142633,0.0,0.0,-0.31537692056028627,0.5826143307788529,0.0,0.0,0,False,True,1763026934.4203298
254,75,-0.002053124116660552,0.0018363514866627181,0.0,0.0,-0.1539843087495414,0.13772636149970385,0.0,0.0,0,False,True,1763026940.7862809
255,106,-0.0018834035341930733,0.0028193237198121004,0.0,0.0,-0.19964077462446578,0.29884831430008263,0.0,0.0,0,False,True,1763026951.159863
256,141,-0.002147064570690613,0.001159012454270762,0.0,0.0,-0.3027361044673764,0.16342075605217743,0.0,0.0,0,False,True,1763026963.8277993
257,12,-0.0023752421778971584,-0.0002499097561196502,0.0,0.0,-0.0285029061347659,-0.002998917073435803,0.0,0.0,0,False,True,1763026964.810998
258,45,-0.0022016142119028435,0.0008488416914712335,0.0,0.0,-0.09907263953562796,0.03819787611620551,0.0,0.0,0,False,True,1763026981.9127803
259,99,-0.002329358865273226,2.164535016322669e-05,0.0,0.0,-0.23060652766204937,0.002142889666159442,0.0,0.0,0,False,True,1763027006.2162368
260,127,-0.0017578554559144778,0.00306005944142505,0.0,-0.000336014507966113,-0.2232476429011387,0.38862754906098135,0.0,-0.04267384251169635,0,False,True,1763027023.9475305
261,15,-0.002449740846133238,-0.000504496350106226,0.0,0.0,-0.03674611269199857,-0.007567445251593391,0.0,0.0,0,False,True,1763027025.2342813
262,21,-0.0024612537581834583,-0.0007535338722715004,0.0,0.0,-0.051686328921852626,-0.01582421131770151,0.0,0.0,0,False,True,1763027032.9809842
263,60,-0.0019119111242537252,0.0022378596611444387,0.0,0.0,-0.11471466745522352,0.13427157966866632,0.0,0.0,0,False,True,1763027052.4753928
264,45,-0.002760638928140235,-0.002341164474212243,0.0,0.0,-0.12422875176631058,-0.10535240133955093,0.0,0.0,0,False,True,1763027064.1882007
265,41,-0.0014620068080223561,0.0046752027594537384,0.0,0.0,-0.0599422791289166,0.19168331313760328,0.0,0.0,0,False,True,1763027071.3323379
266,8,-0.00257996377870714,-0.0012722621995877315,0.0,0.0,-0.02063971022965712,-0.010178097596701852,0.0,0.0,0,False,True,1763027073.7123017
267,235,-0.0019676884405174337,0.00121540097088594,0.0,-0.03479030118281255,-0.4624067835215969,0.2856192281581959,0.0,-8.175720777960949,0,False,True,1763027123.4186542
268,13,-0.0033679969176640843,-0.005107209150994214,0.0,0.0,-0.0437839599296331,-0.06639371896292479,0.0,0.0,0,False,True,1763027129.129926
269,87,-0.0022995274105320346,-0.0004060887921708875,0.0,-0.04082313241383667,-0.20005888471628702,-0.03532972491886721,0.0,-3.5516125200037902,0,False,True,1763027149.1998806
270,89,-0.001999728009605507,0.002338836771968406,0.0,-0.0019631540758763815,-0.17797579285489012,0.2081564727051881,0.0,-0.17472071275299797,0,False,True,1763027158.307277
271,50,-0.002400737645518262,-0.00015276666428942876,0.0,0.0,-0.12003688227591311,-0.007638333214471438,0.0,0.0,0,False,True,1763027176.6712308
272,26,-0.0022873114758292235,0.00024591325028018053,0.0,0.0,-0.05947009837155981,0.006393744507284693,0.0,0.0,0,False,True,1763027183.4096172
273,37,-0.0021040147985542006,0.001493157709172125,-0.08108108108108109,-0.017008661449899286,-0.07784854754650543,0.05524683523936863,-3.0,-0.6293204736462736,1,False,True,1763027194.100751
274,70,-0.001937443811340338,0.0021430290707751946,0.0,0.0,-0.13562106679382366,0.15001203495426363,0.0,0.0,0,False,True,1763027221.7268908
275,25,-0.002150089618886944,0.0010598492104762559,0.0,0.0,-0.0537522404721736,0.026496230261906395,0.0,0.0,0,False,True,1763027228.4026556
276,17,-0.0020979989655179093,0.0014240466547989134,0.0,0.0,-0.03566598241380446,0.02420879313158153,0.0,0.0,0,False,True,1763027233.4133148
277,132,-0.0017618058009596508,0.003240524330832794,-0.022727272727272728,-0.007514472619243068,-0.2325583657266739,0.42774921166992885,-3.0,-0.9919103857400849,1,False,True,1763027256.3344293
278,120,-0.0018893439106332133,0.002365843961169153,0.0,-0.00392983702252484,-0.2267212692759856,0.28390127534029835,0.0,-0.4715804427029808,0,False,True,1763027267.084569
279,25,-0.002129117399193758,0.0012445656966983342,0.0,0.0,-0.053227934979843954,0.031114142417458357,0.0,0.0,0,False,True,1763027269.0816212
280,158,-0.001737879954663976,0.003648920719616245,0.0,0.0,-0.2745850328369082,0.5765294736993667,0.0,0.0,0,False,True,1763027294.1815882
281,147,-0.0015965330852823346,0.00342879383396557,0.0,-0.007907289537739746,-0.2346903635365032,0.5040326935929388,0.0,-1.1623715620477428,0,False,True,1763027307.415739
282,23,-0.0020552711617763957,0.0012996856564206952,0.0,0.0,-0.047271236720857104,0.02989277009767599,0.0,0.0,0,False,True,1763027309.4305577
283,29,-0.0023574248316015965,8.611966368652664e-05,0.0,0.0,-0.0683653201164463,0.0024974702469092724,0.0,0.0,0,False,True,1763027326.4927416
284,18,-0.0026674657342199855,-0.0016225293106709433,0.0,0.0,-0.04801438321595974,-0.02920552759207698,0.0,0.0,0,False,True,1763027345.3119972
285,43,-0.001777935108993145,0.0035809048581728967,0.0,0.0,-0.07645120968670524,0.15397890890143456,0.0,0.0,0,False,True,1763027379.4454117
286,27,-0.00395826838138053,-0.007421547543210346,0.0,0.0,-0.1068732462972743,-0.20038178366667936,0.0,0.0,0,False,True,1763027384.627667
287,112,-0.002010741073093377,0.0019433842304810499,0.0,-0.0014857235167424748,-0.22520300018645822,0.21765903381387758,0.0,-0.16640103387515717,0,False,True,1763027401.4660182
288,191,-0.0018770383527944307,0.002144092331228997,0.0,-0.004247731473492862,-0.3585143253837363,0.40952163526473845,0.0,-0.8113167114371367,0,False,True,1763027416.6384609
289,65,-0.002217381724636308,0.0005575198207963893,0.0,-0.009542192214605663,-0.14412981210136003,0.036238788351765305,0.0,-0.620242493949368,0,False,True,1763027420.8967686
290,3,-0.0021995114823512817,-0.00012005129741055054,0.0,0.0,-0.006598534447053845,-0.0003601538922316516,0.0,0.0,0,False,True,1763027426.9524417
291,8,-0.0030974212662684573,-0.0031146336662237345,0.0,0.0,-0.02477937013014766,-0.024917069329789876,0.0,0.0,0,False,True,1763027437.742317
292,47,-0.0018618559756447182,0.0027494603856712137,0.0,0.0,-0.08750723085530175,0.12922463812654705,0.0,0.0,0,False,True,1763027454.8927639
293,69,-0.001514794921258078,0.004996194253043801,0.0,0.0,-0.10452084956680738,0.34473740346002224,0.0,0.0,0,False,True,1763027470.5313067
294,115,-0.0022131841066706736,0.0007660856350779139,0.0,-0.004293493693593321,-0.25451617226712747,0.0880998480339601,0.0,-0.49375177476323184,0,False,True,1763027484.532743
295,20,-0.002302981440011405,0.00019093976076625107,0.0,0.0,-0.0460596288002281,0.0038187952153250215,0.0,0.0,0,False,True,1763027489.9285786
296,69,-0.0020980875683757976,0.0012405936882934263,0.0,-0.001555364279235685,-0.14476804221793002,0.08560096449224641,0.0,-0.10732013526726226,0,False,True,1763027499.1284578
297,172,-0.001909637123002222,0.0022137912218210764,0.0,-0.047711930363287275,-0.3284575851563822,0.3807720901532251,0.0,-8.206452022485411,0,False,True,1763027532.2607522
298,12,-0.0025944216457387103,-0.0009769752356133417,0.0,0.0,-0.031133059748864524,-0.0117237028273601,0.0,0.0,0,False,True,1763027533.581731
299,91,-0.0024947136022089346,-0.0008512865194211654,0.0,0.0,-0.22701893780101307,-0.07746707326732605,0.0,0.0,0,False,True,1763027548.393777
300,52,-0.0024827623265798273,-0.0016867684892953893,0.0,-0.005916542804244472,-0.12910364098215102,-0.08771196144336024,0.0,-0.3076602258207125,0,False,True,1763027557.769981
301,108,-0.0017413251259284512,0.0036823058481670447,0.0,0.0,-0.18806311360027272,0.39768903160204083,0.0,0.0,0,False,True,1763027582.2877178
302,55,-0.0021740520077102193,0.0013829952093548587,-0.05454545454545454,-0.04125727682449432,-0.11957286042406205,0.07606473651451723,-3.0,-2.269150225347188,1,False,True,1763027586.9933622
303,41,-0.0020883676911803177,0.0017432640069715833,0.0,0.0,-0.08562307533839303,0.07147382428583492,0.0,0.0,0,False,True,1763027594.603608
304,115,-0.0016159023918626639,0.004345565922339895,0.0,0.0,-0.18582877506420634,0.49974008106908785,0.0,0.0,0,False,True,1763027634.9717042
305,108,-0.001629182461848121,0.00379124941213885,0.0,-0.025316788053168022,-0.17595170587959708,0.4094549365109958,0.0,-2.7342131097421465,0,False,True,1763027644.2351844
306,17,-0.002512922271705928,-0.0007357623898828378,0.0,0.0,-0.04271967861900078,-0.012507960628008241,0.0,0.0,0,False,True,1763027646.5872488
307,57,-0.001257947242435042,0.006049213265015518,0.0,0.0,-0.0717029928187974,0.3448051561058845,0.0,0.0,0,False,True,1763027659.870205
308,59,-0.0017348829735321766,0.003574060927161772,0.0,-0.0004944879454294482,-0.10235809543839842,0.21086959470254454,0.0,-0.029174788780337444,0,False,True,1763027668.5158143
309,80,-0.002004135093520842,0.0021318609340102547,0.0,0.0,-0.16033080748166734,0.17054887472082036,0.0,0.0,0,False,True,1763027683.4342692
310,29,-0.0020025867777354804,0.0022435785512204165,0.0,0.0,-0.05807501655432893,0.06506377798539208,0.0,0.0,0,False,True,1763027698.7892568
311,133,-0.002044732447156583,0.0020013322168631925,0.0,0.0,-0.27194941547182555,0.2661771848428046,0.0,0.0,0,False,True,1763027720.2442167
312,109,-0.001539716649585251,0.004797289781375913,0.0,-0.0022728545330790288,-0.16782911480479237,0.5229045861699746,0.0,-0.24774114410561415,0,False,True,1763027729.896121
313,64,-0.00192945593971381,0.0025034110780176866,0.0,0.0,-0.12348518014168385,0.16021830899313194,0.0,0.0,0,False,True,1763027737.207263
314,120,-0.0018644416873515493,0.0029603953070196625,0.0,0.0,-0.22373300248218592,0.3552474368423595,0.0,0.0,0,False,True,1763027753.1231806
315,151,-0.0015882275420784893,0.004403556745601833,0.0,-0.0007884636617427142,-0.2398223588538519,0.6649370685858769,0.0,-0.11905801292314985,0,False,True,1763027769.8337097
316,29,-0.0020461013615926784,0.0015494233986629532,0.0,-0.1164169187889932,-0.05933693948618767,0.04493327856122564,0.0,-3.3760906448808026,0,False,True,1763027772.1314971
317,60,-0.0021412124281878124,0.0012927900737322437,0.0,-0.01159912053541432,-0.12847274569126874,0.07756740442393462,0.0,-0.6959472321248592,0,False,True,1763027780.4525943
318,155,-0.0016937016337148106,0.0033179979309604763,0.0,-0.004836756210267646,-0.26252375322579563,0.5142896792988738,0.0,-0.7496972125914853,0,False,True,1763027798.4171774
319,15,-0.002353148195830284,-0.00012768752700956416,0.0,0.0,-0.03529722293745426,-0.0019153129051434625,0.0,0.0,0,False,True,1763027799.6995287
320,136,-0.0025120100569448155,-0.0007432469314962662,0.0,-0.010932034819848266,-0.34163336774449493,-0.10108158268349221,0.0,-1.486756735499364,0,False,True,1763027836.1569052
321,35,-0.0016400433034352607,0.0039911374856825355,0.0,0.0,-0.05740151562023413,0.13968981199888875,0.0,0.0,0,False,True,1763027842.6981757
322,173,-0.0020552567782970562,0.0020143910106594225,-0.03468208092485549,-0.020580182244055258,-0.3555594226453907,0.34848964484408007,-6.0,-3.5603715282215593,2,False,True,1763027869.624244
323,34,-0.001775945268760704,0.0034811376354632983,0.0,0.0,-0.06038213913786394,0.11835867960575214,0.0,0.0,0,False,True,1763027872.5027845
324,63,-0.0019864968234323374,0.0023269094443781136,0.0,0.0,-0.12514929987623727,0.14659529499582116,0.0,0.0,0,False,True,1763027897.137684
325,24,-0.0028697184621574376,-0.002781268653411604,0.0,0.0,-0.0688732430917785,-0.06675044768187849,0.0,0.0,0,False,True,1763027899.3134825
326,95,-0.001727268647129556,0.003719562276903471,0.0,-0.011348029178021139,-0.16409052147730782,0.35335841630582976,0.0,-1.0780627719120082,0,False,True,1763027922.831549
327,135,-0.0015632155498180847,0.004416760698035619,0.0,-0.010974444749374904,-0.21103409922544145,0.5962626942348086,0.0,-1.481550041165612,0,False,True,1763027936.6851888
328,17,-0.002572116956899474,-0.0009462517340319228,0.0,0.0,-0.04372598826729106,-0.016086279478542687,0.0,0.0,0,False,True,1763027938.7497516
329,8,-0.0015019972583787894,0.0027282935935528246,0.0,0.0,-0.012015978067030315,0.021826348748422597,0.0,0.0,0,False,True,1763027949.156932
330,354,-0.0023325612057277273,0.0004394756810823775,-0.00847457627118644,-0.04826731076181669,-0.8257266668276154,0.15557439110316162,-3.0,-17.086628009683107,1,False,True,1763027986.0286243
331,73,-0.001511603392866956,0.004770966276247508,-0.0410958904109589,-0.012057802867630505,-0.1103470476792878,0.3482805381660681,-3.0,-0.8802196093370269,1,False,True,1763027992.437697
332,265,-0.0018937968133397104,0.002371333655355176,-0.011320754716981131,-0.020461632753915805,-0.5018561555350233,0.6284034186691216,-3.0,-5.422332679787688,1,False,True,1763028026.2284286
333,19,-0.002173231125899023,0.0012690448616246926,0.0,0.0,-0.041291391392081433,0.024111852370869158,0.0,0.0,0,False,True,1763028027.8102505
334,50,-0.0020361986727604232,0.001964198504390571,0.0,0.0,-0.10180993363802117,0.09820992521952854,0.0,0.0,0,False,True,1763028040.4511693
335,91,-0.0016323590794587615,0.004082760985659568,0.0,0.0,-0.1485446762307473,0.3715312496950207,0.0,0.0,0,False,True,1763028054.6312754
336,105,-0.0016184925311756785,0.004391194428894459,-0.02857142857142857,-0.005918642163062311,-0.16994171577344624,0.4610754150339182,-3.0,-0.6214574271215426,1,False,True,1763028066.3627093
337,52,-0.0025377390358079606,-0.0008499285911642818,0.0,0.0,-0.13196242986201395,-0.044196286740542656,0.0,0.0,0,False,True,1763028071.4593618
338,131,-0.0011356592721938682,0.006748630760277713,0.0,0.0,-0.14877136465739674,0.8840706295963804,0.0,0.0,0,False,True,1763028092.7447205
